Auction date,Production month,Technology,Country,Sell side offered quantity (MWh),Buy side demand quantity (MWh),Traded quantity (MWh),Volume weighted average price (EUR/GO),Lowest buy side bid (EUR/MWh),Highest buy side bid (EUR/MWh),Lowest sell side bid (EUR/MWh),Highest sell side bid (EUR/MWh),Number of auction participants,Number of auction participants with winning bids
2022.09.20.,Oct-21,Biogas,HU,"16,034","10,000",-,-,-,-,0.23,0.40,2,0
2022.09.20.,Nov-21,Biogas,HU,"7,047","48,800","7,045",0.31,0.31,0.31,0.25,0.40,3,2
2022.09.20.,Dec-21,Biogas,HU,"22,025","56,077","2,952",0.31,0.31,0.31,0.28,0.40,3,2
2022.09.20.,Jan-22,Biogas,HU,"2,769","28,265","2,211",0.73,0.73,0.73,0.24,0.24,2,2
2022.09.20.,Feb-22,Biogas,HU,782,"121,356",-,-,0.73,3.25,-,-,2,0
2022.09.20.,Mar-22,Biogas,HU,845,"93,687",-,-,3.06,3.25,-,-,1,0
2022.09.20.,Apr-22,Biogas,HU,"1,403","1,705,707",651,3.63,2.83,3.75,0.22,0.22,4,3
2022.09.20.,May-22,Biogas,HU,"1,526","2,103,538",658,3.62,2.83,3.75,0.24,0.24,4,2
2022.09.20.,Jun-22,Biogas,HU,"1,906","2,094,157",245,3.62,2.83,3.62,0.27,0.27,4,2
2022.09.20.,Oct-21,Biomass,HU,"145,640","10,000",-,-,-,-,0.23,0.23,1,0
2022.09.20.,Nov-21,Biomass,HU,"171,551","48,800",-,-,0.31,0.31,0.25,0.25,2,0
2022.09.20.,Dec-21,Biomass,HU,"234,592","140,078",-,-,0.31,0.31,0.28,0.28,2,0
2022.09.20.,Oct-21,Geothermal,HU,534,"10,000",-,-,-,-,0.23,0.23,1,0
2022.09.20.,Nov-21,Geothermal,HU,"1,506","49,302",-,-,0.31,0.31,0.25,0.25,2,0
2022.09.20.,Dec-21,Geothermal,HU,"3,260","52,024",-,-,0.31,0.31,0.28,0.28,2,0
2022.09.20.,Jan-22,Geothermal,HU,772,"27,704",772,0.73,0.73,0.73,0.24,0.24,2,2
2022.09.20.,Jan-22,Hydro,FR,"282,000","958,786",-,-,2.75,3.63,3.79,3.90,6,0
2022.09.20.,Oct-21,Hydro,HU,"24,148","58,303",-,-,-,-,0.23,0.23,1,0
2022.09.20.,Nov-21,Hydro,HU,"29,932","63,758",-,-,0.31,0.31,0.25,0.80,3,0
2022.09.20.,Dec-21,Hydro,HU,"16,747","117,176","16,374",0.73,0.31,0.73,0.28,0.80,3,2
2022.09.20.,Jan-22,Hydro,HU,"11,086","28,058","10,713",0.73,0.73,0.73,0.24,1.00,3,2
2022.09.20.,Feb-22,Hydro,HU,345,"760,490",345,3.60,0.73,3.70,1.80,1.80,6,2
2022.09.20.,Mar-22,Hydro,HU,379,"769,462",379,3.64,2.80,3.70,1.80,1.80,7,2
2022.09.20.,Apr-22,Hydro,HU,"8,000","2,855,706","8,000",3.66,2.80,3.75,0.22,1.80,10,4
2022.09.20.,May-22,Hydro,HU,"15,811","3,449,436","15,327",3.64,2.80,3.75,0.24,0.24,9,2
2022.09.20.,Jun-22,Hydro,HU,"13,232","3,460,367","12,969",3.64,2.50,3.70,0.27,0.27,9,2
2022.09.20.,Oct-21,LandfillGas,HU,480,"10,000",-,-,-,-,0.23,0.23,1,0
2022.09.20.,Nov-21,LandfillGas,HU,"1,107","49,169",-,-,0.31,0.31,0.25,0.25,2,0
2022.09.20.,Dec-21,LandfillGas,HU,"1,232","51,516",-,-,0.31,0.31,0.28,0.28,2,0
2022.09.20.,Jan-22,LandfillGas,HU,154,"27,703",154,0.73,0.73,0.73,0.24,0.24,2,2
2022.09.20.,Apr-22,LandfillGas,HU,2,"1,338,804",2,3.75,2.83,3.75,0.22,0.22,4,2
2022.09.20.,May-22,LandfillGas,HU,59,"1,404,804",59,3.62,2.83,3.75,0.24,0.24,4,2
2022.09.20.,Jun-22,LandfillGas,HU,2,"1,304,804",2,3.62,2.83,3.62,0.27,0.27,4,2
2022.09.20.,Oct-21,Solar,HU,"280,666","58,303",-,-,-,-,0.23,0.40,2,0
2022.09.20.,Nov-21,Solar,HU,"119,378","108,800","40,000",0.38,0.31,0.38,0.25,0.40,3,2
2022.09.20.,Dec-21,Solar,HU,"75,261","166,402","32,971",0.57,0.31,0.73,0.28,0.40,3,3
2022.09.20.,Jan-22,Solar,HU,66,"112,586",-,-,0.50,0.73,0.24,0.24,3,0
2022.09.20.,Feb-22,Solar,HU,29,"831,519",-,-,0.73,3.70,-,-,6,0
2022.09.20.,Mar-22,Solar,HU,52,"1,136,225",-,-,2.80,3.70,-,-,5,0
2022.09.20.,Apr-22,Solar,HU,"231,496","4,402,335","230,649",4.07,2.00,4.11,0.22,0.22,13,2
2022.09.20.,May-22,Solar,HU,"290,994","5,519,035","277,353",3.74,2.80,4.11,0.24,0.24,12,6
2022.09.20.,Jun-22,Solar,HU,"303,500","5,548,513","285,655",3.52,2.50,4.11,0.27,0.27,12,5
2022.09.20.,Oct-21,Waste,HU,"2,724","10,000",-,-,-,-,0.23,0.23,1,0
2022.09.20.,Nov-21,Waste,HU,"5,301","50,567",-,-,0.31,0.31,0.25,0.25,2,0
2022.09.20.,Dec-21,Waste,HU,"8,080","53,228",-,-,0.31,0.31,0.28,0.28,2,0
2022.09.20.,Jan-22,Waste,HU,"1,858","27,703","1,858",0.73,0.73,0.73,0.24,0.24,2,2
2022.09.20.,Jan-22,Wind,FR,"8,000","671,786",-,-,2.75,3.62,-,-,4,0
2022.09.20.,Oct-21,Wind,HU,"34,762","66,312",-,-,-,-,0.23,0.23,1,0
2022.09.20.,Nov-21,Wind,HU,"42,630","109,562",-,-,0.31,0.38,0.25,0.80,3,0
2022.09.20.,Dec-21,Wind,HU,"34,610","156,402","33,259",0.32,0.31,0.73,0.28,0.80,3,2
2022.09.20.,Jan-22,Wind,HU,"9,306","28,058","7,438",0.73,0.73,0.73,0.24,1.00,3,2
2022.09.20.,Feb-22,Wind,HU,"1,971","762,576","1,971",3.40,0.73,3.70,1.80,1.80,7,2
2022.09.20.,Mar-22,Wind,HU,"1,022","1,067,288","1,022",3.55,2.80,3.70,1.80,1.80,6,2
2022.09.20.,Apr-22,Wind,HU,"42,043","3,242,688","42,043",3.65,2.80,3.75,0.22,1.80,10,5
2022.09.20.,May-22,Wind,HU,"22,667","4,088,206","18,957",3.32,2.80,3.75,0.24,0.24,9,2
2022.09.20.,Jun-22,Wind,HU,"26,575","4,102,480","21,212",3.32,2.50,3.70,0.27,0.27,9,2
2022.09.20.,Jan-22,Wind,NO,"137,384","485,286","10,000",3.62,2.75,3.62,3.59,3.70,6,2
2022.09.20.,Jan-22,Wind,SE,"25,000","485,286",-,-,2.75,3.62,3.60,3.60,6,0
2022.10.18.,Apr-22,Solar,HU,62,"778,427",62,5.03,3.00,5.40,4.95,4.95,1,1
2022.10.18.,Dec-21,Solar,HU,"21,136","73,800","21,132",0.50,0.44,0.50,0.25,0.28,1,1
2022.10.18.,Feb-22,Solar,HU,29,"640,799",29,5.03,3.00,5.40,4.95,4.95,1,1
2022.10.18.,Jan-22,Hydro,FR,"50,000","234,000","35,500",5.37,4.75,5.40,5.09,5.17,1,1
2022.10.18.,Jul-22,Biogas,HU,216,"161,126",216,5.00,4.32,5.03,0.41,0.41,1,1
2022.10.18.,Jul-22,Hydro,HU,"7,109","932,829","7,109",5.04,1.65,5.40,0.41,3.10,3,3
2022.10.18.,Jul-22,LandfillGas,HU,2,"91,011",2,4.92,4.32,5.03,0.41,0.41,1,1
2022.10.18.,Jul-22,Solar,HU,"282,534","1,633,054","281,094",5.25,1.65,5.51,0.41,5.00,4,4
2022.10.18.,Jul-22,Wind,HU,"29,794","1,035,050","29,794",5.05,1.65,5.40,0.41,3.10,2,2
2022.10.18.,Jun-22,Hydro,HU,263,"788,159",263,5.03,1.65,5.40,2.80,2.80,2,2
2022.10.18.,Jun-22,Solar,HU,"4,819","1,275,946","1,342",5.12,1.65,5.40,4.00,5.00,1,1
2022.10.18.,Jun-22,Wind,HU,983,"844,415",983,5.03,1.65,5.40,2.80,2.80,1,1
2022.10.18.,Mar-22,Solar,HU,52,"690,822",52,5.03,3.00,5.40,4.95,4.95,1,1
2022.10.18.,May-22,Hydro,HU,484,"788,380",484,5.03,1.65,5.40,2.50,2.50,2,2
2022.10.18.,May-22,Solar,HU,"4,370","1,275,518","1,213",5.12,1.65,5.40,4.00,5.00,1,1
2022.10.18.,May-22,Wind,HU,759,"844,191",759,5.03,1.65,5.40,2.50,2.50,1,1
2022.10.18.,Nov-21,Biomass,HU,"70,117","38,800","38,800",0.44,0.44,0.50,0.25,0.25,1,1
2022.10.18.,Nov-21,Hydro,HU,"14,958","53,758","14,958",0.65,0.44,0.65,0.25,0.25,1,1
2022.10.18.,Nov-21,Solar,HU,"29,788","48,800","10,000",0.44,0.44,0.50,0.22,0.25,1,1
2022.10.18.,Nov-21,Wind,HU,"20,762","59,562","20,762",0.65,0.44,0.65,0.25,0.25,1,1
2022.10.18.,Oct-21,Solar,HU,"140,324","58,303","48,303",0.30,0.01,0.30,0.20,0.23,1,1
2022.10.18.,Apr-22,Biogas,HU,261,"69,302",-,4.95,4.32,5.03,4.95,4.95,1,0
2022.10.18.,Dec-21,Biogas,HU,"4,576","38,800",-,0.28,0.44,0.50,0.25,0.28,2,0
2022.10.18.,Dec-21,Biomass,HU,"58,648","38,800",-,0.28,0.44,0.50,0.28,0.28,1,0
2022.10.18.,Dec-21,Geothermal,HU,815,"38,800",-,0.28,0.44,0.50,0.28,0.28,1,0
2022.10.18.,Dec-21,LandfillGas,HU,308,"38,800",-,0.28,0.44,0.50,0.28,0.28,1,0
2022.10.18.,Dec-21,Waste,HU,"2,020","38,800",-,0.28,0.44,0.50,0.28,0.28,1,0
2022.10.18.,Feb-22,Biogas,HU,319,"68,545",-,4.95,4.32,5.03,4.95,4.95,1,0
2022.10.18.,Jan-22,Biogas,HU,68,-,-,0.20,-,-,0.20,0.20,1,0
2022.10.18.,Jan-22,Solar,HU,22,-,-,0.20,-,-,0.20,0.20,1,0
2022.10.18.,Jan-22,Wind,FR,"8,000","182,000",-,5.18,4.76,5.40,5.18,5.18,1,0
2022.10.18.,Jun-22,Biogas,HU,271,"74,302",-,4.95,4.32,5.03,4.95,4.95,1,0
2022.10.18.,Mar-22,Biogas,HU,353,"68,579",-,4.95,4.32,5.03,4.95,4.95,1,0
2022.10.18.,May-22,Biogas,HU,328,"74,302",-,4.95,4.32,5.03,4.95,4.95,1,0
2022.10.18.,Nov-21,Geothermal,HU,502,"38,800",-,0.25,0.44,0.50,0.25,0.25,1,0
2022.10.18.,Nov-21,LandfillGas,HU,369,"38,800",-,0.25,0.44,0.50,0.25,0.25,1,0
2022.10.18.,Nov-21,Waste,HU,"1,767","38,800",-,0.25,0.44,0.50,0.25,0.25,1,0
2022.10.18.,Oct-21,Biogas,HU,"8,017","10,000",-,0.23,0.01,0.01,0.23,0.23,1,0
2022.10.18.,Oct-21,Biomass,HU,"72,820","10,000",-,0.23,0.01,0.01,0.23,0.23,1,0
2022.10.18.,Oct-21,Geothermal,HU,267,"10,000",-,0.23,0.01,0.01,0.23,0.23,1,0
2022.10.18.,Oct-21,Hydro,HU,"12,074","58,303",-,0.23,0.01,0.30,0.23,0.23,1,0
2022.10.18.,Oct-21,LandfillGas,HU,240,"10,000",-,0.23,0.01,0.01,0.23,0.23,1,0
2022.10.18.,Oct-21,Waste,HU,"1,362","10,000",-,0.23,0.01,0.01,0.23,0.23,1,0
2022.10.18.,Oct-21,Wind,HU,"17,381","66,312",-,0.23,0.01,0.30,0.23,0.23,1,0
2022.10.18.,Apr-22,Biogas,FR,-,"55,050",-,4.87,4.32,5.03,-,-,1,0
2022.10.18.,Apr-22,Biomass,FR,-,"58,383",-,4.76,3.00,5.03,-,-,2,0
2022.10.18.,Apr-22,Biomass,HU,-,"71,559",-,4.76,3.00,5.03,-,-,3,0
2022.10.18.,Apr-22,Geothermal,FR,-,"55,050",-,4.87,4.32,5.03,-,-,1,0
2022.10.18.,Apr-22,Geothermal,HU,-,"68,226",-,4.85,4.32,5.03,-,-,2,0
2022.10.18.,Apr-22,Hydro,FR,-,"296,633",-,5.17,3.00,5.40,-,-,4,0
2022.10.18.,Apr-22,Hydro,HU,-,"590,770",-,4.99,3.00,5.40,-,-,5,0
2022.10.18.,Apr-22,LandfillGas,FR,-,"55,050",-,4.87,4.32,5.03,-,-,1,0
2022.10.18.,Apr-22,LandfillGas,HU,-,"99,187",-,4.84,4.32,5.03,-,-,3,0
2022.10.18.,Apr-22,Solar,FR,-,"246,633",-,5.20,3.00,5.40,-,-,3,0
2022.10.18.,Apr-22,Waste,FR,-,"58,383",-,4.76,3.00,5.03,-,-,2,0
2022.10.18.,Apr-22,Waste,HU,-,"71,559",-,4.76,3.00,5.03,-,-,3,0
2022.10.18.,Apr-22,Wind,FR,-,"254,633",-,5.19,3.00,5.40,-,-,4,0
2022.10.18.,Apr-22,Wind,HU,-,"622,770",-,4.99,3.00,5.40,-,-,6,0
2022.10.18.,Dec-21,Hydro,HU,-,"63,800",-,0.48,0.44,0.50,-,-,2,0
2022.10.18.,Dec-21,Wind,HU,-,"63,800",-,0.48,0.44,0.50,-,-,2,0
2022.10.18.,Feb-22,Biogas,FR,-,"55,050",-,4.87,4.32,5.03,-,-,1,0
2022.10.18.,Feb-22,Biomass,FR,-,"58,383",-,4.76,3.00,5.03,-,-,2,0
2022.10.18.,Feb-22,Biomass,HU,-,"71,559",-,4.76,3.00,5.03,-,-,3,0
2022.10.18.,Feb-22,Geothermal,FR,-,"55,050",-,4.87,4.32,5.03,-,-,1,0
2022.10.18.,Feb-22,Geothermal,HU,-,"68,226",-,4.85,4.32,5.03,-,-,2,0
2022.10.18.,Feb-22,Hydro,FR,-,"296,633",-,5.17,3.00,5.40,-,-,4,0
2022.10.18.,Feb-22,Hydro,HU,-,"590,770",-,4.99,3.00,5.40,-,-,5,0
2022.10.18.,Feb-22,LandfillGas,FR,-,"55,050",-,4.87,4.32,5.03,-,-,1,0
2022.10.18.,Feb-22,LandfillGas,HU,-,"99,187",-,4.84,4.32,5.03,-,-,3,0
2022.10.18.,Feb-22,Solar,FR,-,"246,633",-,5.20,3.00,5.40,-,-,3,0
2022.10.18.,Feb-22,Waste,FR,-,"58,383",-,4.76,3.00,5.03,-,-,2,0
2022.10.18.,Feb-22,Waste,HU,-,"71,559",-,4.76,3.00,5.03,-,-,3,0
2022.10.18.,Feb-22,Wind,FR,-,"254,633",-,5.19,3.00,5.40,-,-,4,0
2022.10.18.,Feb-22,Wind,HU,-,"590,770",-,4.99,3.00,5.40,-,-,5,0
2022.10.18.,Jan-22,Solar,FR,-,"58,000",-,5.33,5.22,5.40,-,-,1,0
2022.10.18.,Jul-22,Biogas,FR,-,"55,050",-,4.87,4.32,5.03,-,-,1,0
2022.10.18.,Jul-22,Biomass,FR,-,"58,383",-,4.76,3.00,5.03,-,-,2,0
2022.10.18.,Jul-22,Biomass,HU,-,"63,383",-,4.78,3.00,5.03,-,-,3,0
2022.10.18.,Jul-22,Geothermal,FR,-,"55,050",-,4.87,4.32,5.03,-,-,1,0
2022.10.18.,Jul-22,Geothermal,HU,-,"60,050",-,4.87,4.32,5.03,-,-,2,0
2022.10.18.,Jul-22,Hydro,FR,-,"348,433",-,4.76,1.65,5.40,-,-,5,0
2022.10.18.,Jul-22,LandfillGas,FR,-,"55,050",-,4.87,4.32,5.03,-,-,1,0
2022.10.18.,Jul-22,Solar,FR,-,"298,433",-,4.72,1.65,5.40,-,-,4,0
2022.10.18.,Jul-22,Waste,FR,-,"58,383",-,4.76,3.00,5.03,-,-,2,0
2022.10.18.,Jul-22,Waste,HU,-,"63,383",-,4.78,3.00,5.03,-,-,3,0
2022.10.18.,Jul-22,Wind,FR,-,"306,433",-,4.73,1.65,5.40,-,-,5,0
2022.10.18.,Jun-22,Biogas,FR,-,"55,050",-,4.87,4.32,5.03,-,-,1,0
2022.10.18.,Jun-22,Biomass,FR,-,"58,383",-,4.76,3.00,5.03,-,-,2,0
2022.10.18.,Jun-22,Biomass,HU,-,"76,559",-,4.77,3.00,5.03,-,-,4,0
2022.10.18.,Jun-22,Geothermal,FR,-,"55,050",-,4.87,4.32,5.03,-,-,1,0
2022.10.18.,Jun-22,Geothermal,HU,-,"73,226",-,4.85,4.32,5.03,-,-,3,0
2022.10.18.,Jun-22,Hydro,FR,-,"348,433",-,4.76,1.65,5.40,-,-,5,0
2022.10.18.,Jun-22,LandfillGas,FR,-,"55,050",-,4.87,4.32,5.03,-,-,1,0
2022.10.18.,Jun-22,LandfillGas,HU,-,"104,187",-,4.84,4.32,5.03,-,-,4,0
2022.10.18.,Jun-22,Solar,FR,-,"298,433",-,4.72,1.65,5.40,-,-,4,0
2022.10.18.,Jun-22,Waste,FR,-,"58,383",-,4.76,3.00,5.03,-,-,2,0
2022.10.18.,Jun-22,Waste,HU,-,"76,559",-,4.77,3.00,5.03,-,-,4,0
2022.10.18.,Jun-22,Wind,FR,-,"306,433",-,4.73,1.65,5.40,-,-,5,0
2022.10.18.,Mar-22,Biogas,FR,-,"55,050",-,4.87,4.32,5.03,-,-,1,0
2022.10.18.,Mar-22,Biomass,FR,-,"58,383",-,4.76,3.00,5.03,-,-,2,0
2022.10.18.,Mar-22,Biomass,HU,-,"71,559",-,4.76,3.00,5.03,-,-,3,0
2022.10.18.,Mar-22,Geothermal,FR,-,"55,050",-,4.87,4.32,5.03,-,-,1,0
2022.10.18.,Mar-22,Geothermal,HU,-,"68,226",-,4.85,4.32,5.03,-,-,2,0
2022.10.18.,Mar-22,Hydro,FR,-,"296,633",-,5.17,3.00,5.40,-,-,4,0
2022.10.18.,Mar-22,Hydro,HU,-,"590,770",-,4.99,3.00,5.40,-,-,5,0
2022.10.18.,Mar-22,LandfillGas,FR,-,"55,050",-,4.87,4.32,5.03,-,-,1,0
2022.10.18.,Mar-22,LandfillGas,HU,-,"99,187",-,4.84,4.32,5.03,-,-,3,0
2022.10.18.,Mar-22,Solar,FR,-,"246,633",-,5.20,3.00,5.40,-,-,3,0
2022.10.18.,Mar-22,Waste,FR,-,"58,383",-,4.76,3.00,5.03,-,-,2,0
2022.10.18.,Mar-22,Waste,HU,-,"71,559",-,4.76,3.00,5.03,-,-,3,0
2022.10.18.,Mar-22,Wind,FR,-,"254,633",-,5.19,3.00,5.40,-,-,4,0
2022.10.18.,Mar-22,Wind,HU,-,"622,770",-,4.99,3.00,5.40,-,-,6,0
2022.10.18.,May-22,Biogas,FR,-,"55,050",-,4.87,4.32,5.03,-,-,1,0
2022.10.18.,May-22,Biomass,FR,-,"58,383",-,4.76,3.00,5.03,-,-,2,0
2022.10.18.,May-22,Biomass,HU,-,"76,559",-,4.77,3.00,5.03,-,-,4,0
2022.10.18.,May-22,Geothermal,FR,-,"55,050",-,4.87,4.32,5.03,-,-,1,0
2022.10.18.,May-22,Geothermal,HU,-,"73,226",-,4.85,4.32,5.03,-,-,3,0
2022.10.18.,May-22,Hydro,FR,-,"348,433",-,4.76,1.65,5.40,-,-,5,0
2022.10.18.,May-22,LandfillGas,FR,-,"55,050",-,4.87,4.32,5.03,-,-,1,0
2022.10.18.,May-22,LandfillGas,HU,-,"104,187",-,4.84,4.32,5.03,-,-,4,0
2022.10.18.,May-22,Solar,FR,-,"298,433",-,4.72,1.65,5.40,-,-,4,0
2022.10.18.,May-22,Waste,FR,-,"58,383",-,4.76,3.00,5.03,-,-,2,0
2022.10.18.,May-22,Waste,HU,-,"76,559",-,4.77,3.00,5.03,-,-,4,0
2022.10.18.,May-22,Wind,FR,-,"306,433",-,4.73,1.65,5.40,-,-,5,0
2022.10.18.,Nov-21,Biogas,HU,-,"38,800",-,0.47,0.44,0.50,-,-,1,0
2022.11.22.,Apr-22,Biogas,HU,261,"2,108",261,8.06,8.06,8.06,5.00,5.00,1,1
2022.11.22.,Apr-22,Solar,HU,495,"97,952",495,8.21,6.00,8.50,4.99,4.99,1,1
2022.11.22.,Aug-22,Biogas,HU,293,"63,108",293,8.06,7.73,8.06,0.53,6.50,1,1
2022.11.22.,Aug-22,Hydro,HU,"6,888","162,776","6,888",8.20,6.00,8.50,0.53,0.53,1,1
2022.11.22.,Aug-22,Solar,HU,"245,219","519,076","245,219",8.17,6.00,8.55,0.53,6.20,5,5
2022.11.22.,Aug-22,Wind,HU,"18,142","356,111","18,142",8.11,6.00,8.50,0.53,6.20,1,1
2022.11.22.,Feb-22,Biogas,HU,463,"2,108",463,8.06,8.06,8.06,3.00,6.50,1,1
2022.11.22.,Jul-22,Solar,HU,"3,036","389,064","3,036",8.11,6.00,8.50,5.50,6.00,2,2
2022.11.22.,Jul-22,Wind,HU,"2,969","364,790","2,969",8.11,6.00,8.50,6.00,6.00,1,1
2022.11.22.,Jun-22,Biogas,HU,271,"63,108",271,8.06,7.73,8.06,6.50,6.50,1,1
2022.11.22.,Jun-22,Solar,HU,"4,914","345,586","2,940",8.21,6.00,8.50,5.25,6.50,1,1
2022.11.22.,Jun-22,Wind,HU,"3,174","343,679","3,174",8.11,6.00,8.50,5.60,5.60,1,1
2022.11.22.,Mar-22,Biogas,HU,492,"2,108",492,8.06,8.06,8.06,3.00,6.50,1,1
2022.11.22.,May-22,Biogas,HU,328,"63,108",328,8.06,7.73,8.06,6.00,6.00,1,1
2022.11.22.,May-22,Solar,HU,"4,543","345,586","2,745",8.21,6.00,8.50,5.00,6.00,1,1
2022.11.22.,May-22,Wind,HU,"2,251","343,679","2,251",8.11,6.00,8.50,5.30,5.30,1,1
2022.11.22.,Nov-21,Solar,HU,"19,788","10,000",6,0.11,0.11,0.11,0.05,0.25,1,1
2022.11.22.,Dec-21,Biogas,HU,"4,869",-,-,0.30,-,-,0.05,6.50,3,0
2022.11.22.,Dec-21,Biomass,HU,"58,648","30,000",-,0.28,0.16,0.27,0.28,0.28,1,0
2022.11.22.,Dec-21,Geothermal,HU,815,-,-,0.28,-,-,0.28,0.28,1,0
2022.11.22.,Dec-21,LandfillGas,HU,308,-,-,0.28,-,-,0.28,0.28,1,0
2022.11.22.,Dec-21,Solar,HU,4,-,-,0.28,-,-,0.28,0.28,1,0
2022.11.22.,Dec-21,Waste,HU,"2,020",-,-,0.28,-,-,0.28,0.28,1,0
2022.11.22.,Jan-22,Biogas,HU,186,-,-,4.74,-,-,0.05,6.50,2,0
2022.11.22.,Jan-22,Hydro,FR,"50,000","20,500",-,8.83,6.41,6.56,8.75,8.91,1,0
2022.11.22.,Jan-22,Solar,HU,22,-,-,0.05,-,-,0.05,0.05,1,0
2022.11.22.,Nov-21,Biogas,HU,2,-,-,6.50,-,-,6.50,6.50,1,0
2022.11.22.,Nov-21,Biomass,HU,"31,317",-,-,0.25,-,-,0.25,0.25,1,0
2022.11.22.,Nov-21,Geothermal,HU,502,502,-,0.25,0.01,0.01,0.25,0.25,1,0
2022.11.22.,Nov-21,LandfillGas,HU,369,369,-,0.25,0.01,0.01,0.25,0.25,1,0
2022.11.22.,Nov-21,Waste,HU,"1,767","1,767",-,0.25,0.01,0.01,0.25,0.25,1,0
2022.11.22.,Apr-22,Biogas,FR,-,"20,500",-,6.48,6.41,6.56,-,-,1,0
2022.11.22.,Apr-22,Biomass,FR,-,"20,500",-,6.48,6.41,6.56,-,-,1,0
2022.11.22.,Apr-22,Geothermal,FR,-,"20,500",-,6.48,6.41,6.56,-,-,1,0
2022.11.22.,Apr-22,Hydro,FR,-,"108,500",-,7.67,6.00,8.50,-,-,2,0
2022.11.22.,Apr-22,Hydro,HU,-,"88,000",-,7.95,6.00,8.50,-,-,1,0
2022.11.22.,Apr-22,LandfillGas,FR,-,"20,500",-,6.48,6.41,6.56,-,-,1,0
2022.11.22.,Apr-22,Solar,FR,-,"108,500",-,7.67,6.00,8.50,-,-,2,0
2022.11.22.,Apr-22,Waste,FR,-,"20,500",-,6.48,6.41,6.56,-,-,1,0
2022.11.22.,Apr-22,Wind,FR,-,"108,500",-,7.67,6.00,8.50,-,-,2,0
2022.11.22.,Apr-22,Wind,HU,-,"88,115",-,7.95,4.50,8.50,-,-,2,0
2022.11.22.,Aug-22,Biogas,FR,-,"81,500",-,7.52,6.41,7.98,-,-,2,0
2022.11.22.,Aug-22,Biomass,FR,-,"81,500",-,7.52,6.41,7.98,-,-,2,0
2022.11.22.,Aug-22,Biomass,HU,-,"61,000",-,7.87,7.73,7.98,-,-,1,0
2022.11.22.,Aug-22,Geothermal,FR,-,"81,500",-,7.52,6.41,7.98,-,-,2,0
2022.11.22.,Aug-22,Geothermal,HU,-,"61,000",-,7.87,7.73,7.98,-,-,1,0
2022.11.22.,Aug-22,Hydro,FR,-,"169,500",-,7.74,6.00,8.50,-,-,3,0
2022.11.22.,Aug-22,LandfillGas,FR,-,"81,500",-,7.52,6.41,7.98,-,-,2,0
2022.11.22.,Aug-22,LandfillGas,HU,-,"61,000",-,7.87,7.73,7.98,-,-,1,0
2022.11.22.,Aug-22,Solar,FR,-,"169,500",-,7.74,6.00,8.50,-,-,3,0
2022.11.22.,Aug-22,Waste,FR,-,"81,500",-,7.52,6.41,7.98,-,-,2,0
2022.11.22.,Aug-22,Waste,HU,-,"61,000",-,7.87,7.73,7.98,-,-,1,0
2022.11.22.,Aug-22,Wind,FR,-,"169,500",-,7.74,6.00,8.50,-,-,3,0
2022.11.22.,Dec-21,Biogas,FR,-,"20,500",-,6.48,6.41,6.56,-,-,1,0
2022.11.22.,Dec-21,Biomass,FR,-,"20,500",-,6.48,6.41,6.56,-,-,1,0
2022.11.22.,Dec-21,Geothermal,FR,-,"20,500",-,6.48,6.41,6.56,-,-,1,0
2022.11.22.,Dec-21,Hydro,FR,-,"80,500",-,6.22,6.05,6.56,-,-,2,0
2022.11.22.,Dec-21,LandfillGas,FR,-,"20,500",-,6.48,6.41,6.56,-,-,1,0
2022.11.22.,Dec-21,Solar,FR,-,"20,500",-,6.48,6.41,6.56,-,-,1,0
2022.11.22.,Dec-21,Waste,FR,-,"20,500",-,6.48,6.41,6.56,-,-,1,0
2022.11.22.,Dec-21,Wind,FR,-,"20,500",-,6.48,6.41,6.56,-,-,1,0
2022.11.22.,Feb-22,Biogas,FR,-,"20,500",-,6.48,6.41,6.56,-,-,1,0
2022.11.22.,Feb-22,Biomass,FR,-,"20,500",-,6.48,6.41,6.56,-,-,1,0
2022.11.22.,Feb-22,Geothermal,FR,-,"20,500",-,6.48,6.41,6.56,-,-,1,0
2022.11.22.,Feb-22,Hydro,FR,-,"108,500",-,7.67,6.00,8.50,-,-,2,0
2022.11.22.,Feb-22,Hydro,HU,-,"88,000",-,7.95,6.00,8.50,-,-,1,0
2022.11.22.,Feb-22,LandfillGas,FR,-,"20,500",-,6.48,6.41,6.56,-,-,1,0
2022.11.22.,Feb-22,Solar,FR,-,"108,500",-,7.67,6.00,8.50,-,-,2,0
2022.11.22.,Feb-22,Solar,HU,-,"88,000",-,7.95,6.00,8.50,-,-,1,0
2022.11.22.,Feb-22,Waste,FR,-,"20,500",-,6.48,6.41,6.56,-,-,1,0
2022.11.22.,Feb-22,Wind,FR,-,"108,500",-,7.67,6.00,8.50,-,-,2,0
2022.11.22.,Feb-22,Wind,HU,-,"88,115",-,7.95,4.50,8.50,-,-,2,0
2022.11.22.,Jan-22,Biogas,FR,-,"20,500",-,6.48,6.41,6.56,-,-,1,0
2022.11.22.,Jan-22,Biomass,FR,-,"20,500",-,6.48,6.41,6.56,-,-,1,0
2022.11.22.,Jan-22,Geothermal,FR,-,"20,500",-,6.48,6.41,6.56,-,-,1,0
2022.11.22.,Jan-22,LandfillGas,FR,-,"20,500",-,6.48,6.41,6.56,-,-,1,0
2022.11.22.,Jan-22,Solar,FR,-,"20,500",-,6.48,6.41,6.56,-,-,1,0
2022.11.22.,Jan-22,Waste,FR,-,"20,500",-,6.48,6.41,6.56,-,-,1,0
2022.11.22.,Jan-22,Wind,FR,-,"20,500",-,6.48,6.41,6.56,-,-,1,0
2022.11.22.,Jul-22,Biogas,FR,-,"81,500",-,7.52,6.41,7.98,-,-,2,0
2022.11.22.,Jul-22,Biogas,HU,-,"63,108",-,7.87,7.73,8.06,-,-,2,0
2022.11.22.,Jul-22,Biomass,FR,-,"81,500",-,7.52,6.41,7.98,-,-,2,0
2022.11.22.,Jul-22,Biomass,HU,-,"61,000",-,7.87,7.73,7.98,-,-,1,0
2022.11.22.,Jul-22,Geothermal,FR,-,"81,500",-,7.52,6.41,7.98,-,-,2,0
2022.11.22.,Jul-22,Geothermal,HU,-,"61,000",-,7.87,7.73,7.98,-,-,1,0
2022.11.22.,Jul-22,Hydro,FR,-,"169,500",-,7.74,6.00,8.50,-,-,3,0
2022.11.22.,Jul-22,Hydro,HU,-,"149,000",-,7.92,6.00,8.50,-,-,2,0
2022.11.22.,Jul-22,LandfillGas,FR,-,"81,500",-,7.52,6.41,7.98,-,-,2,0
2022.11.22.,Jul-22,LandfillGas,HU,-,"61,000",-,7.87,7.73,7.98,-,-,1,0
2022.11.22.,Jul-22,Solar,FR,-,"169,500",-,7.74,6.00,8.50,-,-,3,0
2022.11.22.,Jul-22,Waste,FR,-,"81,500",-,7.52,6.41,7.98,-,-,2,0
2022.11.22.,Jul-22,Waste,HU,-,"61,000",-,7.87,7.73,7.98,-,-,1,0
2022.11.22.,Jul-22,Wind,FR,-,"169,500",-,7.74,6.00,8.50,-,-,3,0
2022.11.22.,Jun-22,Biogas,FR,-,"81,500",-,7.52,6.41,7.98,-,-,2,0
2022.11.22.,Jun-22,Biomass,FR,-,"81,500",-,7.52,6.41,7.98,-,-,2,0
2022.11.22.,Jun-22,Biomass,HU,-,"61,000",-,7.87,7.73,7.98,-,-,1,0
2022.11.22.,Jun-22,Geothermal,FR,-,"81,500",-,7.52,6.41,7.98,-,-,2,0
2022.11.22.,Jun-22,Geothermal,HU,-,"61,000",-,7.87,7.73,7.98,-,-,1,0
2022.11.22.,Jun-22,Hydro,FR,-,"169,500",-,7.74,6.00,8.50,-,-,3,0
2022.11.22.,Jun-22,Hydro,HU,-,"149,000",-,7.92,6.00,8.50,-,-,2,0
2022.11.22.,Jun-22,LandfillGas,FR,-,"81,500",-,7.52,6.41,7.98,-,-,2,0
2022.11.22.,Jun-22,LandfillGas,HU,-,"61,000",-,7.87,7.73,7.98,-,-,1,0
2022.11.22.,Jun-22,Solar,FR,-,"169,500",-,7.74,6.00,8.50,-,-,3,0
2022.11.22.,Jun-22,Waste,FR,-,"81,500",-,7.52,6.41,7.98,-,-,2,0
2022.11.22.,Jun-22,Waste,HU,-,"61,000",-,7.87,7.73,7.98,-,-,1,0
2022.11.22.,Jun-22,Wind,FR,-,"169,500",-,7.74,6.00,8.50,-,-,3,0
2022.11.22.,Mar-22,Biogas,FR,-,"20,500",-,6.48,6.41,6.56,-,-,1,0
2022.11.22.,Mar-22,Biomass,FR,-,"20,500",-,6.48,6.41,6.56,-,-,1,0
2022.11.22.,Mar-22,Geothermal,FR,-,"20,500",-,6.48,6.41,6.56,-,-,1,0
2022.11.22.,Mar-22,Hydro,FR,-,"108,500",-,7.67,6.00,8.50,-,-,2,0
2022.11.22.,Mar-22,Hydro,HU,-,"88,000",-,7.95,6.00,8.50,-,-,1,0
2022.11.22.,Mar-22,LandfillGas,FR,-,"20,500",-,6.48,6.41,6.56,-,-,1,0
2022.11.22.,Mar-22,Solar,FR,-,"108,500",-,7.67,6.00,8.50,-,-,2,0
2022.11.22.,Mar-22,Solar,HU,-,"88,000",-,7.95,6.00,8.50,-,-,1,0
2022.11.22.,Mar-22,Waste,FR,-,"20,500",-,6.48,6.41,6.56,-,-,1,0
2022.11.22.,Mar-22,Wind,FR,-,"108,500",-,7.67,6.00,8.50,-,-,2,0
2022.11.22.,Mar-22,Wind,HU,-,"88,115",-,7.95,4.50,8.50,-,-,2,0
2022.11.22.,May-22,Biogas,FR,-,"81,500",-,7.52,6.41,7.98,-,-,2,0
2022.11.22.,May-22,Biomass,FR,-,"81,500",-,7.52,6.41,7.98,-,-,2,0
2022.11.22.,May-22,Biomass,HU,-,"61,000",-,7.87,7.73,7.98,-,-,1,0
2022.11.22.,May-22,Geothermal,FR,-,"81,500",-,7.52,6.41,7.98,-,-,2,0
2022.11.22.,May-22,Geothermal,HU,-,"61,000",-,7.87,7.73,7.98,-,-,1,0
2022.11.22.,May-22,Hydro,FR,-,"169,500",-,7.74,6.00,8.50,-,-,3,0
2022.11.22.,May-22,Hydro,HU,-,"149,000",-,7.92,6.00,8.50,-,-,2,0
2022.11.22.,May-22,LandfillGas,FR,-,"81,500",-,7.52,6.41,7.98,-,-,2,0
2022.11.22.,May-22,LandfillGas,HU,-,"61,000",-,7.87,7.73,7.98,-,-,1,0
2022.11.22.,May-22,Solar,FR,-,"169,500",-,7.74,6.00,8.50,-,-,3,0
2022.11.22.,May-22,Waste,FR,-,"81,500",-,7.52,6.41,7.98,-,-,2,0
2022.11.22.,May-22,Waste,HU,-,"61,000",-,7.87,7.73,7.98,-,-,1,0
2022.11.22.,May-22,Wind,FR,-,"169,500",-,7.74,6.00,8.50,-,-,3,0
2022.12.20.,Dec-21,Biogas,HU,"4,869","7,277","4,457",0.75,0.40,0.75,0.04,7.00,1,1
2022.12.20.,Dec-21,Biomass,HU,"58,648","61,278","58,648",1.51,0.40,2.00,0.28,0.28,1,1
2022.12.20.,Dec-21,Geothermal,HU,815,"3,224",815,0.78,0.40,1.00,0.28,0.28,1,1
2022.12.20.,Dec-21,LandfillGas,HU,308,"2,716",308,0.70,0.40,0.70,0.28,0.28,1,1
2022.12.20.,Dec-21,Solar,HU,4,1,1,1.00,1.00,1.00,0.28,0.28,1,1
2022.12.20.,Dec-21,Waste,HU,"2,020","4,428","2,020",0.65,0.40,0.65,0.28,0.28,1,1
2022.12.20.,Jan-22,Biogas,HU,186,208,68,1.50,1.50,1.50,0.04,7.00,1,1
2022.12.20.,Jan-22,Hydro,HR,"69,600","220,670","13,000",6.15,1.11,6.30,6.15,6.15,1,1
2022.12.20.,Jan-22,Solar,HU,22,209,22,1.50,1.00,1.50,0.04,0.04,1,1
2022.12.20.,Jun-22,Solar,HU,"2,182","408,903",44,6.02,3.76,6.30,0.05,8.00,1,1
2022.12.20.,May-22,Solar,HU,"1,979","408,903",39,6.02,3.76,6.30,0.05,8.00,1,1
2022.12.20.,Sep-22,Biogas,HU,305,"216,360",305,5.95,4.11,6.02,0.43,0.43,1,1
2022.12.20.,Sep-22,Hydro,HU,"11,827","344,794","11,827",6.03,4.76,6.30,0.43,0.43,3,3
2022.12.20.,Sep-22,Solar,HU,"167,898","1,225,523","164,276",6.43,1.56,6.76,0.43,7.50,5,5
2022.12.20.,Sep-22,Wind,HU,"21,445","383,390","19,072",6.05,5.00,7.00,0.43,7.50,2,2
2022.12.20.,Apr-22,Biogas,HU,115,"216,055",-,7.00,4.11,6.02,7.00,7.00,1,0
2022.12.20.,Apr-22,Solar,HU,145,"333,712",-,7.00,3.76,6.30,7.00,7.00,1,0
2022.12.20.,Aug-22,Solar,HU,"3,479","696,703",-,7.50,3.76,6.30,7.50,7.50,1,0
2022.12.20.,Jan-22,Hydro,FR,"57,000","169,000",-,6.15,4.00,6.30,6.15,6.15,1,0
2022.12.20.,Jul-22,Biogas,HU,72,"216,055",-,7.00,4.11,6.02,7.00,7.00,1,0
2022.12.20.,Jul-22,Solar,HU,"2,940","558,903",-,6.50,3.76,6.30,6.50,6.50,1,0
2022.12.20.,Jun-22,Biogas,HU,107,"216,055",-,7.00,4.11,6.02,7.00,7.00,1,0
2022.12.20.,May-22,Biogas,HU,106,"216,055",-,7.00,4.11,6.02,7.00,7.00,1,0
2022.12.20.,Apr-22,Biomass,HU,-,"215,000",-,5.58,5.31,6.02,-,-,2,0
2022.12.20.,May-22,Wind,FR,-,"38,000",-,6.10,5.00,6.30,-,-,2,0
2022.12.20.,Sep-22,Biomass,HR,-,"21,670",-,2.81,1.11,6.02,-,-,2,0
2022.12.20.,May-22,Biomass,FR,-,"7,500",-,6.02,6.02,6.02,-,-,1,0
2022.12.20.,Sep-22,Biogas,HR,-,"21,670",-,2.81,1.11,6.02,-,-,2,0
2022.12.20.,Jan-22,LandfillGas,HR,-,"29,170",-,3.53,1.11,5.91,-,-,2,0
2022.12.20.,May-22,Biomass,HR,-,"21,670",-,2.81,1.11,6.02,-,-,2,0
2022.12.20.,Jun-22,LandfillGas,HU,-,"215,000",-,5.58,5.31,6.02,-,-,2,0
2022.12.20.,Apr-22,Wind,HR,-,"52,170",-,4.75,1.11,6.30,-,-,3,0
2022.12.20.,May-22,Waste,HU,-,"215,000",-,5.58,5.31,6.02,-,-,2,0
2022.12.20.,May-22,Wind,HR,-,"52,170",-,4.75,1.11,6.30,-,-,3,0
2022.12.20.,Jul-22,Wind,HR,-,"52,170",-,4.75,1.11,6.30,-,-,3,0
2022.12.20.,Jul-22,Waste,HR,-,"21,670",-,2.81,1.11,6.02,-,-,2,0
2022.12.20.,Dec-21,Hydro,HU,-,1,-,1.00,1.00,1.00,-,-,1,0
2022.12.20.,Apr-22,Wind,FR,-,"38,000",-,6.10,5.00,6.30,-,-,2,0
2022.12.20.,Jan-22,Hydro,HU,-,1,-,1.00,1.00,1.00,-,-,1,0
2022.12.20.,Jan-22,Biomass,HR,-,"29,170",-,3.53,1.11,5.91,-,-,2,0
2022.12.20.,Jul-22,Wind,FR,-,"38,000",-,6.10,5.00,6.30,-,-,2,0
2022.12.20.,Jul-22,Waste,FR,-,"7,500",-,6.02,6.02,6.02,-,-,1,0
2022.12.20.,Jan-22,Biomass,FR,-,"15,000",-,5.82,5.72,5.91,-,-,1,0
2022.12.20.,Sep-22,Waste,HR,-,"21,670",-,2.81,1.11,6.02,-,-,2,0
2022.12.20.,Apr-22,Solar,HR,-,"52,170",-,4.75,1.11,6.30,-,-,3,0
2022.12.20.,Sep-22,Geothermal,FR,-,"7,500",-,6.02,6.02,6.02,-,-,1,0
2022.12.20.,Jun-22,Biomass,HR,-,"21,670",-,2.81,1.11,6.02,-,-,2,0
2022.12.20.,May-22,LandfillGas,HU,-,"215,000",-,5.58,5.31,6.02,-,-,2,0
2022.12.20.,Jun-22,Biomass,FR,-,"7,500",-,6.02,6.02,6.02,-,-,1,0
2022.12.20.,Sep-22,Waste,FR,-,"7,500",-,6.02,6.02,6.02,-,-,1,0
2022.12.20.,May-22,Hydro,HR,-,"52,170",-,4.75,1.11,6.30,-,-,3,0
2022.12.20.,Jun-22,Hydro,HU,-,"257,967",-,5.60,4.76,6.30,-,-,4,0
2022.12.20.,Sep-22,Biogas,FR,-,"7,500",-,6.02,6.02,6.02,-,-,1,0
2022.12.20.,May-22,Geothermal,HU,-,"215,000",-,5.58,5.31,6.02,-,-,2,0
2022.12.20.,Jun-22,Waste,HU,-,"215,000",-,5.58,5.31,6.02,-,-,2,0
2022.12.20.,Jan-22,LandfillGas,FR,-,"15,000",-,5.82,5.72,5.91,-,-,1,0
2022.12.20.,Jun-22,Wind,HU,-,"266,945",-,5.61,5.00,6.30,-,-,4,0
2022.12.20.,May-22,Hydro,FR,-,"38,000",-,6.10,5.00,6.30,-,-,2,0
2022.12.20.,Sep-22,Geothermal,HR,-,"21,670",-,2.81,1.11,6.02,-,-,2,0
2022.12.20.,May-22,Geothermal,FR,-,"7,500",-,6.02,6.02,6.02,-,-,1,0
2022.12.20.,May-22,Waste,FR,-,"7,500",-,6.02,6.02,6.02,-,-,1,0
2022.12.20.,Aug-22,Biomass,HR,-,"21,670",-,2.81,1.11,6.02,-,-,2,0
2022.12.20.,Sep-22,Solar,HR,-,"77,170",-,5.07,1.11,6.30,-,-,4,0
2022.12.20.,May-22,Waste,HR,-,"21,670",-,2.81,1.11,6.02,-,-,2,0
2022.12.20.,Jul-22,LandfillGas,HR,-,"21,670",-,2.81,1.11,6.02,-,-,2,0
2022.12.20.,Sep-22,Solar,FR,-,"63,000",-,5.97,5.00,6.30,-,-,3,0
2022.12.20.,Aug-22,Biomass,FR,-,"7,500",-,6.02,6.02,6.02,-,-,1,0
2022.12.20.,Jul-22,Biomass,HR,-,"21,670",-,2.81,1.11,6.02,-,-,2,0
2022.12.20.,Jun-22,Geothermal,HU,-,"215,000",-,5.58,5.31,6.02,-,-,2,0
2022.12.20.,Jul-22,Biomass,FR,-,"7,500",-,6.02,6.02,6.02,-,-,1,0
2022.12.20.,May-22,Geothermal,HR,-,"21,670",-,2.81,1.11,6.02,-,-,2,0
2022.12.20.,Apr-22,Waste,HU,-,"215,000",-,5.58,5.31,6.02,-,-,2,0
2022.12.20.,Jul-22,Hydro,HU,-,"257,967",-,5.60,4.76,6.30,-,-,4,0
2022.12.20.,Jul-22,Geothermal,HU,-,"215,000",-,5.58,5.31,6.02,-,-,2,0
2022.12.20.,Jun-22,Waste,HR,-,"21,670",-,2.81,1.11,6.02,-,-,2,0
2022.12.20.,Sep-22,LandfillGas,FR,-,"7,500",-,6.02,6.02,6.02,-,-,1,0
2022.12.20.,Aug-22,Waste,HU,-,"215,000",-,5.58,5.31,6.02,-,-,2,0
2022.12.20.,May-22,LandfillGas,FR,-,"7,500",-,6.02,6.02,6.02,-,-,1,0
2022.12.20.,Jul-22,Biomass,HU,-,"215,000",-,5.58,5.31,6.02,-,-,2,0
2022.12.20.,Jun-22,Waste,FR,-,"7,500",-,6.02,6.02,6.02,-,-,1,0
2022.12.20.,Aug-22,Geothermal,HU,-,"215,000",-,5.58,5.31,6.02,-,-,2,0
2022.12.20.,Jul-22,LandfillGas,FR,-,"7,500",-,6.02,6.02,6.02,-,-,1,0
2022.12.20.,Aug-22,LandfillGas,FR,-,"7,500",-,6.02,6.02,6.02,-,-,1,0
2022.12.20.,Jan-22,Geothermal,HR,-,"29,170",-,3.53,1.11,5.91,-,-,2,0
2022.12.20.,Apr-22,Hydro,FR,-,"38,000",-,6.10,5.00,6.30,-,-,2,0
2022.12.20.,Jan-22,Wind,HU,-,1,-,1.00,1.00,1.00,-,-,1,0
2022.12.20.,Jan-22,Geothermal,FR,-,"15,000",-,5.82,5.72,5.91,-,-,1,0
2022.12.20.,Apr-22,Hydro,HR,-,"52,170",-,4.75,1.11,6.30,-,-,3,0
2022.12.20.,Aug-22,LandfillGas,HR,-,"21,670",-,2.81,1.11,6.02,-,-,2,0
2022.12.20.,Sep-22,LandfillGas,HR,-,"21,670",-,2.81,1.11,6.02,-,-,2,0
2022.12.20.,Aug-22,Biomass,HU,-,"215,000",-,5.58,5.31,6.02,-,-,2,0
2022.12.20.,Aug-22,Biogas,HU,-,"216,055",-,5.57,4.11,6.02,-,-,4,0
2022.12.20.,May-22,LandfillGas,HR,-,"21,670",-,2.81,1.11,6.02,-,-,2,0
2022.12.20.,Aug-22,Wind,HU,-,"266,945",-,5.61,5.00,6.30,-,-,4,0
2022.12.20.,Jun-22,LandfillGas,FR,-,"7,500",-,6.02,6.02,6.02,-,-,1,0
2022.12.20.,Jul-22,Wind,HU,-,"266,945",-,5.61,5.00,6.30,-,-,4,0
2022.12.20.,Aug-22,Solar,HR,-,"52,170",-,4.75,1.11,6.30,-,-,3,0
2022.12.20.,Apr-22,Waste,HR,-,"21,670",-,2.81,1.11,6.02,-,-,2,0
2022.12.20.,Jun-22,Biogas,HR,-,"21,670",-,2.81,1.11,6.02,-,-,2,0
2022.12.20.,Jan-22,Waste,FR,-,"15,000",-,5.82,5.72,5.91,-,-,1,0
2022.12.20.,Aug-22,Solar,FR,-,"38,000",-,6.10,5.00,6.30,-,-,2,0
2022.12.20.,Apr-22,Geothermal,HU,-,"215,000",-,5.58,5.31,6.02,-,-,2,0
2022.12.20.,Apr-22,Biogas,FR,-,"7,500",-,6.02,6.02,6.02,-,-,1,0
2022.12.20.,Apr-22,Waste,FR,-,"7,500",-,6.02,6.02,6.02,-,-,1,0
2022.12.20.,Jun-22,Biogas,FR,-,"7,500",-,6.02,6.02,6.02,-,-,1,0
2022.12.20.,Jan-22,Solar,HR,-,"48,170",-,4.55,1.11,6.30,-,-,3,0
2022.12.20.,Aug-22,Hydro,FR,-,"38,000",-,6.10,5.00,6.30,-,-,2,0
2022.12.20.,Apr-22,Biomass,FR,-,"7,500",-,6.02,6.02,6.02,-,-,1,0
2022.12.20.,Apr-22,Biogas,HR,-,"21,670",-,2.81,1.11,6.02,-,-,2,0
2022.12.20.,Sep-22,Geothermal,HU,-,"215,000",-,5.58,5.31,6.02,-,-,2,0
2022.12.20.,Jul-22,Solar,HR,-,"52,170",-,4.75,1.11,6.30,-,-,3,0
2022.12.20.,Sep-22,Wind,FR,-,"63,000",-,5.97,5.00,6.30,-,-,3,0
2022.12.20.,Jun-22,LandfillGas,HR,-,"21,670",-,2.81,1.11,6.02,-,-,2,0
2022.12.20.,Sep-22,Biomass,HU,-,"215,000",-,5.58,5.31,6.02,-,-,2,0
2022.12.20.,Jul-22,Solar,FR,-,"38,000",-,6.10,5.00,6.30,-,-,2,0
2022.12.20.,Aug-22,Hydro,HU,-,"257,967",-,5.60,4.76,6.30,-,-,4,0
2022.12.20.,Jun-22,Geothermal,FR,-,"7,500",-,6.02,6.02,6.02,-,-,1,0
2022.12.20.,Jan-22,Biogas,FR,-,"15,000",-,5.82,5.72,5.91,-,-,1,0
2022.12.20.,Jun-22,Hydro,FR,-,"38,000",-,6.10,5.00,6.30,-,-,2,0
2022.12.20.,Jan-22,Solar,FR,-,"34,000",-,5.98,5.00,6.30,-,-,2,0
2022.12.20.,Sep-22,Wind,HR,-,"77,170",-,5.07,1.11,6.30,-,-,4,0
2022.12.20.,Apr-22,Biomass,HR,-,"21,670",-,2.81,1.11,6.02,-,-,2,0
2022.12.20.,Apr-22,LandfillGas,HU,-,"215,000",-,5.58,5.31,6.02,-,-,2,0
2022.12.20.,Jun-22,Hydro,HR,-,"52,170",-,4.75,1.11,6.30,-,-,3,0
2022.12.20.,Aug-22,Hydro,HR,-,"52,170",-,4.75,1.11,6.30,-,-,3,0
2022.12.20.,Jan-22,Geothermal,HU,-,1,-,1.00,1.00,1.00,-,-,1,0
2022.12.20.,May-22,Biogas,FR,-,"7,500",-,6.02,6.02,6.02,-,-,1,0
2022.12.20.,Aug-22,Biogas,FR,-,"7,500",-,6.02,6.02,6.02,-,-,1,0
2022.12.20.,May-22,Biogas,HR,-,"21,670",-,2.81,1.11,6.02,-,-,2,0
2022.12.20.,Jul-22,Geothermal,FR,-,"7,500",-,6.02,6.02,6.02,-,-,1,0
2022.12.20.,Aug-22,Biogas,HR,-,"21,670",-,2.81,1.11,6.02,-,-,2,0
2022.12.20.,Jun-22,Biomass,HU,-,"215,000",-,5.58,5.31,6.02,-,-,2,0
2022.12.20.,Jun-22,Geothermal,HR,-,"21,670",-,2.81,1.11,6.02,-,-,2,0
2022.12.20.,Jan-22,Biogas,HR,-,"29,170",-,3.53,1.11,5.91,-,-,2,0
2022.12.20.,Apr-22,Hydro,HU,-,"257,967",-,5.60,4.76,6.30,-,-,4,0
2022.12.20.,Aug-22,Geothermal,HR,-,"21,670",-,2.81,1.11,6.02,-,-,2,0
2022.12.20.,Apr-22,LandfillGas,HR,-,"21,670",-,2.81,1.11,6.02,-,-,2,0
2022.12.20.,May-22,Solar,FR,-,"38,000",-,6.10,5.00,6.30,-,-,2,0
2022.12.20.,Jan-22,Wind,HR,-,"48,170",-,4.55,1.11,6.30,-,-,3,0
2022.12.20.,Jun-22,Wind,HR,-,"52,170",-,4.75,1.11,6.30,-,-,3,0
2022.12.20.,Jul-22,Waste,HU,-,"215,000",-,5.58,5.31,6.02,-,-,2,0
2022.12.20.,Jan-22,Wind,FR,-,"34,000",-,5.98,5.00,6.30,-,-,2,0
2022.12.20.,Sep-22,Biomass,FR,-,"7,500",-,6.02,6.02,6.02,-,-,1,0
2022.12.20.,Jul-22,Geothermal,HR,-,"21,670",-,2.81,1.11,6.02,-,-,2,0
2022.12.20.,Jul-22,Biogas,HR,-,"21,670",-,2.81,1.11,6.02,-,-,2,0
2022.12.20.,May-22,Biomass,HU,-,"215,000",-,5.58,5.31,6.02,-,-,2,0
2022.12.20.,Sep-22,LandfillGas,HU,-,"215,000",-,5.58,5.31,6.02,-,-,2,0
2022.12.20.,Apr-22,Geothermal,FR,-,"7,500",-,6.02,6.02,6.02,-,-,1,0
2022.12.20.,Sep-22,Waste,HU,-,"215,000",-,5.58,5.31,6.02,-,-,2,0
2022.12.20.,Jun-22,Solar,HR,-,"52,170",-,4.75,1.11,6.30,-,-,3,0
2022.12.20.,Apr-22,Geothermal,HR,-,"21,670",-,2.81,1.11,6.02,-,-,2,0
2022.12.20.,Sep-22,Hydro,HR,-,"77,170",-,5.07,1.11,6.30,-,-,4,0
2022.12.20.,Apr-22,Wind,HU,-,"266,945",-,5.61,5.00,6.30,-,-,4,0
2022.12.20.,Aug-22,LandfillGas,HU,-,"215,000",-,5.58,5.31,6.02,-,-,2,0
2022.12.20.,May-22,Hydro,HU,-,"257,967",-,5.60,4.76,6.30,-,-,4,0
2022.12.20.,Aug-22,Wind,HR,-,"52,170",-,4.75,1.11,6.30,-,-,3,0
2022.12.20.,Jun-22,Solar,FR,-,"38,000",-,6.10,5.00,6.30,-,-,2,0
2022.12.20.,Apr-22,Solar,FR,-,"38,000",-,6.10,5.00,6.30,-,-,2,0
2022.12.20.,Jan-22,Waste,HR,-,"29,170",-,3.53,1.11,5.91,-,-,2,0
2022.12.20.,Jun-22,Wind,FR,-,"38,000",-,6.10,5.00,6.30,-,-,2,0
2022.12.20.,May-22,Solar,HR,-,"52,170",-,4.75,1.11,6.30,-,-,3,0
2022.12.20.,Aug-22,Wind,FR,-,"38,000",-,6.10,5.00,6.30,-,-,2,0
2022.12.20.,Aug-22,Waste,FR,-,"7,500",-,6.02,6.02,6.02,-,-,1,0
2022.12.20.,Dec-21,Wind,HU,-,1,-,1.00,1.00,1.00,-,-,1,0
2022.12.20.,Jul-22,Hydro,FR,-,"38,000",-,6.10,5.00,6.30,-,-,2,0
2022.12.20.,Jul-22,Biogas,FR,-,"7,500",-,6.02,6.02,6.02,-,-,1,0
2022.12.20.,Jan-22,Biomass,HU,-,1,-,1.00,1.00,1.00,-,-,1,0
2022.12.20.,Apr-22,LandfillGas,FR,-,"7,500",-,6.02,6.02,6.02,-,-,1,0
2022.12.20.,Jul-22,Hydro,HR,-,"52,170",-,4.75,1.11,6.30,-,-,3,0
2022.12.20.,Aug-22,Geothermal,FR,-,"7,500",-,6.02,6.02,6.02,-,-,1,0
2022.12.20.,Jul-22,LandfillGas,HU,-,"215,000",-,5.58,5.31,6.02,-,-,2,0
2022.12.20.,Sep-22,Hydro,FR,-,"63,000",-,5.97,5.00,6.30,-,-,3,0
2022.12.20.,Aug-22,Waste,HR,-,"21,670",-,2.81,1.11,6.02,-,-,2,0
2022.12.20.,May-22,Wind,HU,-,"266,945",-,5.61,5.00,6.30,-,-,4,0
2023.01.17.,Apr-22,Biogas,HU,115,"261,947",115,7.27,2.00,7.27,5.50,5.50,1,1
2023.01.17.,Apr-22,Solar,HU,145,"528,210",145,7.30,2.00,7.43,5.50,5.50,2,2
2023.01.17.,Jul-22,Biogas,HU,72,"261,687",72,7.27,2.00,7.27,5.50,5.50,1,1
2023.01.17.,Jun-22,Biogas,HU,107,"263,932",107,8.00,2.00,8.00,5.50,5.50,1,1
2023.01.17.,Jun-22,Solar,HU,"2,138","558,884","2,138",8.00,2.00,8.00,5.00,5.50,1,1
2023.01.17.,May-22,Biogas,HU,106,"263,733",106,8.00,2.00,8.00,5.50,5.50,1,1
2023.01.17.,May-22,Solar,HU,"1,940","533,685","1,940",8.00,2.00,8.00,5.00,5.50,1,1
2023.01.17.,Oct-22,Biogas,HU,359,"270,611",359,7.27,2.00,7.27,0.23,0.23,2,2
2023.01.17.,Oct-22,Hydro,HU,"14,775","482,575","14,775",7.30,2.00,7.50,0.23,5.00,5,5
2023.01.17.,Oct-22,Solar,HU,"128,793","1,097,830","128,793",7.51,2.00,8.05,0.23,0.23,4,4
2023.01.17.,Oct-22,Wind,HU,"20,240","554,284","20,240",7.44,2.00,8.11,0.23,5.00,4,4
2023.01.17.,Sep-22,Wind,HU,"2,881","485,127","2,881",7.30,2.00,7.30,4.80,4.80,2,2
2023.01.17.,Aug-22,Solar,HU,118,"552,950",-,8.00,2.00,7.43,8.00,8.00,1,0
2023.01.17.,Jan-22,Biogas,HU,118,354,-,5.50,0.50,4.00,5.50,5.50,1,0
2023.01.17.,Jan-22,Hydro,HU,-,354,-,2.00,0.50,4.00,-,-,2,0
2023.01.17.,Jul-22,Solar,HU,-,"552,950",-,6.47,2.00,7.43,-,-,10,0
2023.01.17.,Jun-22,Hydro,HU,-,"413,165",-,6.29,2.00,8.00,-,-,8,0
2023.01.17.,Jun-22,Wind,HU,-,"474,872",-,6.39,2.00,8.00,-,-,9,0
2023.01.17.,Sep-22,Solar,HU,-,"695,450",-,6.64,2.00,7.43,-,-,11,0
2023.01.17.,Jul-22,Hydro,HU,-,"410,920",-,6.28,2.00,7.30,-,-,7,0
2023.01.17.,Sep-22,Biogas,HU,-,"264,231",-,5.93,2.00,7.27,-,-,10,0
2023.01.17.,Jan-22,Solar,HU,-,354,-,2.00,0.50,4.00,-,-,2,0
2023.01.17.,Sep-22,Hydro,HU,-,"413,420",-,6.28,2.00,7.30,-,-,8,0
2023.01.17.,Jan-22,Wind,HU,-,354,-,2.00,0.50,4.00,-,-,2,0
2023.01.17.,Aug-22,Biogas,HU,-,"261,287",-,5.92,2.00,7.27,-,-,8,0
2023.01.17.,Aug-22,Wind,HU,-,"482,627",-,6.39,2.00,7.30,-,-,9,0
2023.01.17.,Jul-22,Wind,HU,-,"482,627",-,6.39,2.00,7.30,-,-,9,0
2023.01.17.,Aug-22,Hydro,HU,-,"410,920",-,6.28,2.00,7.30,-,-,7,0
2023.01.17.,Apr-22,Hydro,HU,-,"401,180",-,6.36,2.00,7.30,-,-,8,0
2023.01.17.,Apr-22,Wind,HU,-,"462,887",-,6.46,2.00,7.30,-,-,9,0
2023.01.17.,May-22,Hydro,HU,-,"402,966",-,6.37,2.00,8.00,-,-,8,0
2023.01.17.,May-22,Wind,HU,-,"464,673",-,6.46,2.00,8.00,-,-,9,0
2023.02.21.,Aug-22,Solar,HU,158,"422,512",83,5.14,0.50,6.01,0.05,5.50,1,1
2023.02.21.,Jul-22,Hydro,HR,"5,164","374,006","5,164",5.02,0.50,5.14,5.00,5.00,1,1
2023.02.21.,Jul-22,Solar,HU,179,"422,512",93,5.14,0.50,6.01,0.05,5.50,1,1
2023.02.21.,Jun-22,Solar,HU,190,"420,873",98,5.14,0.50,6.01,0.05,5.50,1,1
2023.02.21.,May-22,Solar,HU,171,"420,149",89,5.14,0.50,6.01,0.05,5.50,1,1
2023.02.21.,Nov-22,Biogas,HU,232,"133,496",232,5.02,0.50,5.08,0.26,0.26,1,1
2023.02.21.,Nov-22,Geothermal,HU,212,"129,854",212,5.02,0.50,5.80,0.26,0.26,1,1
2023.02.21.,Nov-22,Hydro,HU,"15,222","390,186","15,222",5.28,0.50,6.16,0.26,0.26,4,4
2023.02.21.,Nov-22,Solar,HU,"61,946","738,838","61,946",6.40,0.50,6.50,0.26,0.26,3,3
2023.02.21.,Nov-22,Wind,HU,"16,326","379,761","16,326",5.36,0.50,5.80,0.26,0.26,3,3
2023.02.21.,Oct-22,Solar,HU,107,"423,512",56,5.15,0.50,6.01,0.05,5.50,1,1
2023.02.21.,Sep-22,Solar,HU,111,"422,512",58,5.14,0.50,6.01,0.05,5.50,1,1
2023.02.21.,Apr-22,Hydro,FI,351,"368,242",-,5.72,0.50,5.14,5.69,5.79,1,0
2023.02.21.,Aug-22,Biogas,HU,255,"133,396",-,5.50,0.50,5.08,5.50,5.50,1,0
2023.02.21.,Aug-22,Solar,ES,"12,587","331,412",-,5.82,0.50,5.14,5.82,5.82,1,0
2023.02.21.,Aug-22,Wind,HU,461,"334,819",-,5.50,0.50,5.20,5.50,5.50,1,0
2023.02.21.,Jul-22,Biogas,HU,340,"133,396",-,5.50,0.50,5.08,5.50,5.50,1,0
2023.02.21.,Jul-22,Wind,HU,451,"334,819",-,5.50,0.50,5.20,5.50,5.50,1,0
2023.02.21.,Jun-22,Biogas,HU,281,"133,396",-,5.50,0.50,5.08,5.50,5.50,1,0
2023.02.21.,Jun-22,Hydro,FI,"20,276","376,842",-,5.75,0.50,5.14,5.69,5.89,1,0
2023.02.21.,Jun-22,Wind,ES,"29,026","348,675",-,5.49,0.50,5.14,5.49,5.49,1,0
2023.02.21.,Jun-22,Wind,HU,455,"333,180",-,5.50,0.50,5.20,5.50,5.50,1,0
2023.02.21.,May-22,Hydro,FI,"40,353","378,242",-,5.72,0.50,5.14,5.69,5.79,1,0
2023.02.21.,May-22,Wind,ES,"30,968","348,075",-,5.55,0.50,5.14,5.49,5.69,1,0
2023.02.21.,May-22,Wind,HU,350,"332,456",-,5.50,0.50,5.20,5.50,5.50,1,0
2023.02.21.,Oct-22,Biogas,HU,210,"133,496",-,6.50,0.50,5.08,6.50,6.50,1,0
2023.02.21.,Oct-22,Wind,HU,445,"335,719",-,5.50,0.50,5.80,5.50,5.50,1,0
2023.02.21.,Sep-22,Biogas,HU,278,"133,396",-,5.50,0.50,5.08,5.50,5.50,1,0
2023.02.21.,Sep-22,Solar,ES,"12,413","331,412",-,5.82,0.50,5.14,5.82,5.82,1,0
2023.02.21.,Sep-22,Wind,HU,372,"334,819",-,5.50,0.50,5.20,5.50,5.50,1,0
2023.02.21.,Apr-22,Biogas,ES,-,"128,242",-,1.84,0.50,5.02,-,-,2,0
2023.02.21.,Apr-22,Biogas,FI,-,"128,242",-,1.84,0.50,5.02,-,-,2,0
2023.02.21.,Apr-22,Biogas,HR,-,"128,242",-,1.84,0.50,5.02,-,-,2,0
2023.02.21.,Apr-22,Biogas,HU,-,"131,678",-,1.91,0.50,5.08,-,-,4,0
2023.02.21.,Apr-22,Geothermal,ES,-,"128,242",-,1.84,0.50,5.02,-,-,2,0
2023.02.21.,Apr-22,Geothermal,FI,-,"128,242",-,1.84,0.50,5.02,-,-,2,0
2023.02.21.,Apr-22,Geothermal,HR,-,"128,242",-,1.84,0.50,5.02,-,-,2,0
2023.02.21.,Apr-22,Geothermal,HU,-,"128,454",-,1.84,0.50,5.02,-,-,3,0
2023.02.21.,Apr-22,Hydro,ES,-,"368,242",-,3.69,0.50,5.14,-,-,5,0
2023.02.21.,Apr-22,Hydro,HR,-,"368,242",-,3.69,0.50,5.14,-,-,5,0
2023.02.21.,Apr-22,Hydro,HU,-,"333,464",-,3.54,0.50,5.14,-,-,6,0
2023.02.21.,Apr-22,Solar,ES,-,"330,812",-,3.56,0.50,5.14,-,-,5,0
2023.02.21.,Apr-22,Solar,FI,-,"330,812",-,3.56,0.50,5.14,-,-,5,0
2023.02.21.,Apr-22,Solar,HR,-,"330,812",-,3.56,0.50,5.14,-,-,5,0
2023.02.21.,Apr-22,Solar,HU,-,"408,674",-,3.96,0.50,6.01,-,-,7,0
2023.02.21.,Apr-22,Wind,ES,-,"348,075",-,3.64,0.50,5.14,-,-,5,0
2023.02.21.,Apr-22,Wind,FI,-,"348,075",-,3.64,0.50,5.14,-,-,5,0
2023.02.21.,Apr-22,Wind,HR,-,"348,075",-,3.64,0.50,5.14,-,-,5,0
2023.02.21.,Apr-22,Wind,HU,-,"331,935",-,3.53,0.50,5.20,-,-,7,0
2023.02.21.,Aug-22,Biogas,ES,-,"128,242",-,1.84,0.50,5.02,-,-,2,0
2023.02.21.,Aug-22,Biogas,FI,-,"128,242",-,1.84,0.50,5.02,-,-,2,0
2023.02.21.,Aug-22,Biogas,HR,-,"128,242",-,1.84,0.50,5.02,-,-,2,0
2023.02.21.,Aug-22,Geothermal,ES,-,"128,842",-,1.85,0.50,5.02,-,-,3,0
2023.02.21.,Aug-22,Geothermal,FI,-,"128,842",-,1.85,0.50,5.02,-,-,3,0
2023.02.21.,Aug-22,Geothermal,HR,-,"128,842",-,1.85,0.50,5.02,-,-,3,0
2023.02.21.,Aug-22,Geothermal,HU,-,"129,054",-,1.85,0.50,5.02,-,-,4,0
2023.02.21.,Aug-22,Hydro,ES,-,"368,842",-,3.69,0.50,5.14,-,-,6,0
2023.02.21.,Aug-22,Hydro,FI,-,"368,842",-,3.69,0.50,5.14,-,-,6,0
2023.02.21.,Aug-22,Hydro,HR,-,"374,006",-,3.71,0.50,5.14,-,-,7,0
2023.02.21.,Aug-22,Hydro,HU,-,"334,064",-,3.54,0.50,5.14,-,-,7,0
2023.02.21.,Aug-22,Solar,FI,-,"331,412",-,3.56,0.50,5.14,-,-,6,0
2023.02.21.,Aug-22,Solar,HR,-,"331,412",-,3.56,0.50,5.14,-,-,6,0
2023.02.21.,Aug-22,Wind,ES,-,"348,675",-,3.64,0.50,5.14,-,-,6,0
2023.02.21.,Aug-22,Wind,FI,-,"348,675",-,3.64,0.50,5.14,-,-,6,0
2023.02.21.,Aug-22,Wind,HR,-,"348,675",-,3.64,0.50,5.14,-,-,6,0
2023.02.21.,Jul-22,Biogas,ES,-,"128,242",-,1.84,0.50,5.02,-,-,2,0
2023.02.21.,Jul-22,Biogas,FI,-,"128,242",-,1.84,0.50,5.02,-,-,2,0
2023.02.21.,Jul-22,Biogas,HR,-,"128,242",-,1.84,0.50,5.02,-,-,2,0
2023.02.21.,Jul-22,Geothermal,ES,-,"128,842",-,1.85,0.50,5.02,-,-,3,0
2023.02.21.,Jul-22,Geothermal,FI,-,"128,842",-,1.85,0.50,5.02,-,-,3,0
2023.02.21.,Jul-22,Geothermal,HR,-,"128,842",-,1.85,0.50,5.02,-,-,3,0
2023.02.21.,Jul-22,Geothermal,HU,-,"129,054",-,1.85,0.50,5.02,-,-,4,0
2023.02.21.,Jul-22,Hydro,ES,-,"368,842",-,3.69,0.50,5.14,-,-,6,0
2023.02.21.,Jul-22,Hydro,FI,-,"368,842",-,3.69,0.50,5.14,-,-,6,0
2023.02.21.,Jul-22,Hydro,HU,-,"334,064",-,3.54,0.50,5.14,-,-,7,0
2023.02.21.,Jul-22,Solar,ES,-,"331,412",-,3.56,0.50,5.14,-,-,6,0
2023.02.21.,Jul-22,Solar,FI,-,"331,412",-,3.56,0.50,5.14,-,-,6,0
2023.02.21.,Jul-22,Solar,HR,-,"331,412",-,3.56,0.50,5.14,-,-,6,0
2023.02.21.,Jul-22,Wind,ES,-,"348,675",-,3.64,0.50,5.14,-,-,6,0
2023.02.21.,Jul-22,Wind,FI,-,"348,675",-,3.64,0.50,5.14,-,-,6,0
2023.02.21.,Jul-22,Wind,HR,-,"348,675",-,3.64,0.50,5.14,-,-,6,0
2023.02.21.,Jun-22,Biogas,ES,-,"128,242",-,1.84,0.50,5.02,-,-,2,0
2023.02.21.,Jun-22,Biogas,FI,-,"128,242",-,1.84,0.50,5.02,-,-,2,0
2023.02.21.,Jun-22,Biogas,HR,-,"128,242",-,1.84,0.50,5.02,-,-,2,0
2023.02.21.,Jun-22,Geothermal,ES,-,"128,842",-,1.85,0.50,5.02,-,-,3,0
2023.02.21.,Jun-22,Geothermal,FI,-,"128,842",-,1.85,0.50,5.02,-,-,3,0
2023.02.21.,Jun-22,Geothermal,HR,-,"128,842",-,1.85,0.50,5.02,-,-,3,0
2023.02.21.,Jun-22,Geothermal,HU,-,"129,054",-,1.85,0.50,5.02,-,-,4,0
2023.02.21.,Jun-22,Hydro,ES,-,"368,842",-,3.69,0.50,5.14,-,-,6,0
2023.02.21.,Jun-22,Hydro,HR,-,"368,842",-,3.69,0.50,5.14,-,-,6,0
2023.02.21.,Jun-22,Hydro,HU,-,"334,064",-,3.54,0.50,5.14,-,-,7,0
2023.02.21.,Jun-22,Solar,ES,-,"331,412",-,3.56,0.50,5.14,-,-,6,0
2023.02.21.,Jun-22,Solar,FI,-,"331,412",-,3.56,0.50,5.14,-,-,6,0
2023.02.21.,Jun-22,Solar,HR,-,"331,412",-,3.56,0.50,5.14,-,-,6,0
2023.02.21.,Jun-22,Wind,FI,-,"348,675",-,3.64,0.50,5.14,-,-,6,0
2023.02.21.,Jun-22,Wind,HR,-,"348,675",-,3.64,0.50,5.14,-,-,6,0
2023.02.21.,May-22,Biogas,ES,-,"128,242",-,1.84,0.50,5.02,-,-,2,0
2023.02.21.,May-22,Biogas,FI,-,"128,242",-,1.84,0.50,5.02,-,-,2,0
2023.02.21.,May-22,Biogas,HR,-,"128,242",-,1.84,0.50,5.02,-,-,2,0
2023.02.21.,May-22,Biogas,HU,-,"131,678",-,1.91,0.50,5.08,-,-,4,0
2023.02.21.,May-22,Geothermal,ES,-,"128,242",-,1.84,0.50,5.02,-,-,2,0
2023.02.21.,May-22,Geothermal,FI,-,"128,242",-,1.84,0.50,5.02,-,-,2,0
2023.02.21.,May-22,Geothermal,HR,-,"128,242",-,1.84,0.50,5.02,-,-,2,0
2023.02.21.,May-22,Geothermal,HU,-,"128,454",-,1.84,0.50,5.02,-,-,3,0
2023.02.21.,May-22,Hydro,ES,-,"368,242",-,3.69,0.50,5.14,-,-,5,0
2023.02.21.,May-22,Hydro,HR,-,"368,242",-,3.69,0.50,5.14,-,-,5,0
2023.02.21.,May-22,Hydro,HU,-,"333,464",-,3.54,0.50,5.14,-,-,6,0
2023.02.21.,May-22,Solar,ES,-,"330,812",-,3.56,0.50,5.14,-,-,5,0
2023.02.21.,May-22,Solar,FI,-,"330,812",-,3.56,0.50,5.14,-,-,5,0
2023.02.21.,May-22,Solar,HR,-,"330,812",-,3.56,0.50,5.14,-,-,5,0
2023.02.21.,May-22,Wind,FI,-,"348,075",-,3.64,0.50,5.14,-,-,5,0
2023.02.21.,May-22,Wind,HR,-,"348,075",-,3.64,0.50,5.14,-,-,5,0
2023.02.21.,Nov-22,Biogas,ES,-,"128,242",-,1.84,0.50,5.02,-,-,2,0
2023.02.21.,Nov-22,Biogas,FI,-,"128,242",-,1.84,0.50,5.02,-,-,2,0
2023.02.21.,Nov-22,Biogas,HR,-,"128,242",-,1.84,0.50,5.02,-,-,2,0
2023.02.21.,Nov-22,Geothermal,ES,-,"128,842",-,1.85,0.50,5.02,-,-,3,0
2023.02.21.,Nov-22,Geothermal,FI,-,"128,842",-,1.85,0.50,5.02,-,-,3,0
2023.02.21.,Nov-22,Geothermal,HR,-,"128,842",-,1.85,0.50,5.02,-,-,3,0
2023.02.21.,Nov-22,Hydro,ES,-,"368,842",-,3.69,0.50,5.14,-,-,6,0
2023.02.21.,Nov-22,Hydro,FI,-,"368,842",-,3.69,0.50,5.14,-,-,6,0
2023.02.21.,Nov-22,Hydro,HR,-,"374,006",-,3.71,0.50,5.14,-,-,7,0
2023.02.21.,Nov-22,Solar,ES,-,"331,412",-,3.56,0.50,5.14,-,-,6,0
2023.02.21.,Nov-22,Solar,FI,-,"331,412",-,3.56,0.50,5.14,-,-,6,0
2023.02.21.,Nov-22,Solar,HR,-,"331,412",-,3.56,0.50,5.14,-,-,6,0
2023.02.21.,Nov-22,Wind,ES,-,"348,675",-,3.64,0.50,5.14,-,-,6,0
2023.02.21.,Nov-22,Wind,FI,-,"348,675",-,3.64,0.50,5.14,-,-,6,0
2023.02.21.,Nov-22,Wind,HR,-,"348,675",-,3.64,0.50,5.14,-,-,6,0
2023.02.21.,Oct-22,Biogas,ES,-,"128,242",-,1.84,0.50,5.02,-,-,2,0
2023.02.21.,Oct-22,Biogas,FI,-,"128,242",-,1.84,0.50,5.02,-,-,2,0
2023.02.21.,Oct-22,Biogas,HR,-,"128,242",-,1.84,0.50,5.02,-,-,2,0
2023.02.21.,Oct-22,Geothermal,ES,-,"128,842",-,1.85,0.50,5.02,-,-,3,0
2023.02.21.,Oct-22,Geothermal,FI,-,"128,842",-,1.85,0.50,5.02,-,-,3,0
2023.02.21.,Oct-22,Geothermal,HR,-,"128,842",-,1.85,0.50,5.02,-,-,3,0
2023.02.21.,Oct-22,Geothermal,HU,-,"129,854",-,1.87,0.50,5.80,-,-,4,0
2023.02.21.,Oct-22,Hydro,ES,-,"368,842",-,3.69,0.50,5.14,-,-,6,0
2023.02.21.,Oct-22,Hydro,FI,-,"368,842",-,3.69,0.50,5.14,-,-,6,0
2023.02.21.,Oct-22,Hydro,HR,-,"374,006",-,3.71,0.50,5.14,-,-,7,0
2023.02.21.,Oct-22,Hydro,HU,-,"334,964",-,3.55,0.50,5.80,-,-,7,0
2023.02.21.,Oct-22,Solar,ES,-,"331,412",-,3.56,0.50,5.14,-,-,6,0
2023.02.21.,Oct-22,Solar,FI,-,"331,412",-,3.56,0.50,5.14,-,-,6,0
2023.02.21.,Oct-22,Solar,HR,-,"331,412",-,3.56,0.50,5.14,-,-,6,0
2023.02.21.,Oct-22,Wind,ES,-,"348,675",-,3.64,0.50,5.14,-,-,6,0
2023.02.21.,Oct-22,Wind,FI,-,"348,675",-,3.64,0.50,5.14,-,-,6,0
2023.02.21.,Oct-22,Wind,HR,-,"348,675",-,3.64,0.50,5.14,-,-,6,0
2023.02.21.,Sep-22,Biogas,ES,-,"128,242",-,1.84,0.50,5.02,-,-,2,0
2023.02.21.,Sep-22,Biogas,FI,-,"128,242",-,1.84,0.50,5.02,-,-,2,0
2023.02.21.,Sep-22,Biogas,HR,-,"128,242",-,1.84,0.50,5.02,-,-,2,0
2023.02.21.,Sep-22,Geothermal,ES,-,"128,842",-,1.85,0.50,5.02,-,-,3,0
2023.02.21.,Sep-22,Geothermal,FI,-,"128,842",-,1.85,0.50,5.02,-,-,3,0
2023.02.21.,Sep-22,Geothermal,HR,-,"128,842",-,1.85,0.50,5.02,-,-,3,0
2023.02.21.,Sep-22,Geothermal,HU,-,"129,054",-,1.85,0.50,5.02,-,-,4,0
2023.02.21.,Sep-22,Hydro,ES,-,"368,842",-,3.69,0.50,5.14,-,-,6,0
2023.02.21.,Sep-22,Hydro,FI,-,"368,842",-,3.69,0.50,5.14,-,-,6,0
2023.02.21.,Sep-22,Hydro,HR,-,"374,006",-,3.71,0.50,5.14,-,-,7,0
2023.02.21.,Sep-22,Hydro,HU,-,"334,064",-,3.54,0.50,5.14,-,-,7,0
2023.02.21.,Sep-22,Solar,FI,-,"331,412",-,3.56,0.50,5.14,-,-,6,0
2023.02.21.,Sep-22,Solar,HR,-,"331,412",-,3.56,0.50,5.14,-,-,6,0
2023.02.21.,Sep-22,Wind,ES,-,"348,675",-,3.64,0.50,5.14,-,-,6,0
2023.02.21.,Sep-22,Wind,FI,-,"348,675",-,3.64,0.50,5.14,-,-,6,0
2023.02.21.,Sep-22,Wind,HR,-,"348,675",-,3.64,0.50,5.14,-,-,6,0
2023.03.21.,Aug-22,Biogas,HU,680,"318,795",572,6.94,1.00,6.94,0.05,7.00,1,1
2023.03.21.,Aug-22,Solar,HU,"2,544","318,284",266,6.94,1.50,7.00,0.05,7.49,1,1
2023.03.21.,Aug-22,Wind,HU,461,"363,676",461,6.94,1.00,7.00,5.50,5.50,1,1
2023.03.21.,Dec-22,Biogas,HU,444,"319,695",444,6.94,1.00,6.94,0.05,5.00,1,1
2023.03.21.,Dec-22,Geothermal,HU,963,"165,340",963,6.92,1.50,7.60,0.30,0.30,2,2
2023.03.21.,Dec-22,Hydro,HU,"8,955","342,111","8,955",7.00,1.50,7.60,0.30,0.30,2,2
2023.03.21.,Dec-22,Solar,HU,"58,930","577,661","58,926",7.16,1.50,7.60,0.05,6.50,3,3
2023.03.21.,Dec-22,Wind,HU,"26,317","387,916","26,317",6.94,1.00,7.60,0.30,0.30,3,3
2023.03.21.,Jul-22,Biogas,HU,773,"318,795",667,6.94,1.00,6.94,0.05,7.00,1,1
2023.03.21.,Jul-22,Solar,HU,297,"372,284",295,6.96,1.50,7.10,0.05,6.50,2,2
2023.03.21.,Jul-22,Wind,HU,451,"363,676",451,6.94,1.00,7.00,4.50,4.50,1,1
2023.03.21.,Jun-22,Biogas,HU,506,"318,795",281,6.94,1.00,6.94,4.50,7.10,1,1
2023.03.21.,Jun-22,Solar,HU,"2,338","293,584",197,6.94,1.00,7.00,0.05,7.10,1,1
2023.03.21.,Jun-22,Wind,HU,455,"353,976",455,6.94,1.00,7.00,4.50,4.50,1,1
2023.03.21.,May-22,Solar,HU,638,"293,484",82,6.94,1.00,7.00,4.50,7.10,1,1
2023.03.21.,May-22,Wind,HU,350,"353,876",350,6.94,1.00,7.00,4.50,4.50,1,1
2023.03.21.,Nov-22,Biogas,HU,462,"319,695",395,6.94,1.00,6.94,0.05,7.00,1,1
2023.03.21.,Nov-22,Solar,HU,653,"478,781",408,7.06,1.50,7.60,0.05,7.49,2,2
2023.03.21.,Oct-22,Biogas,HU,594,"318,795",492,6.94,1.00,6.94,0.05,7.00,1,1
2023.03.21.,Oct-22,Solar,HU,"1,709","478,781","1,119",7.07,1.50,7.60,0.05,7.49,2,2
2023.03.21.,Oct-22,Wind,HU,445,"363,966",445,6.94,1.00,7.60,5.50,5.50,1,1
2023.03.21.,Sep-22,Biogas,HU,712,"318,795",613,6.94,1.00,6.94,0.05,7.00,1,1
2023.03.21.,Sep-22,Solar,HU,"1,872","372,334",183,6.96,1.50,7.10,0.05,7.49,2,2
2023.03.21.,Sep-22,Wind,HU,372,"363,726",372,6.94,1.00,7.00,5.50,5.50,1,1
2023.03.21.,Nov-22,Geothermal,HU,-,"165,390",-,6.74,1.50,7.60,-,-,3,0
2023.03.21.,Jun-22,Hydro,HU,-,"321,084",-,6.79,1.00,7.41,-,-,7,0
2023.03.21.,May-22,Geothermal,HU,-,"165,300",-,6.73,1.00,6.92,-,-,3,0
2023.03.21.,Nov-22,Hydro,HU,-,"334,161",-,6.78,1.50,7.60,-,-,8,0
2023.03.21.,Jun-22,Geothermal,HU,-,"165,400",-,6.73,1.00,6.92,-,-,3,0
2023.03.21.,Jul-22,Hydro,HU,-,"320,784",-,6.80,1.50,7.41,-,-,7,0
2023.03.21.,Jul-22,Geothermal,HU,-,"165,100",-,6.74,1.50,6.92,-,-,3,0
2023.03.21.,Aug-22,Geothermal,HU,-,"165,100",-,6.74,1.50,6.92,-,-,3,0
2023.03.21.,Sep-22,Hydro,HU,-,"320,834",-,6.80,1.50,7.41,-,-,7,0
2023.03.21.,Nov-22,Wind,HU,-,"363,966",-,6.24,1.00,7.60,-,-,8,0
2023.03.21.,Sep-22,Geothermal,HU,-,"165,150",-,6.74,1.50,6.92,-,-,3,0
2023.03.21.,Oct-22,Geothermal,HU,-,"165,390",-,6.74,1.50,7.60,-,-,3,0
2023.03.21.,Aug-22,Hydro,HU,-,"320,784",-,6.80,1.50,7.41,-,-,7,0
2023.03.21.,May-22,Biogas,HU,-,"318,695",-,4.63,1.00,6.94,-,-,4,0
2023.03.21.,Oct-22,Hydro,HU,-,"339,251",-,6.80,1.50,7.60,-,-,8,0
2023.03.21.,May-22,Hydro,HU,-,"320,984",-,6.79,1.00,7.41,-,-,7,0
2023.04.18.,Jun-22,Biogas,HU,118,"94,438",118,6.33,3.50,7.35,6.00,6.00,4,2
2023.04.18.,Jul-22,Biogas,HU,106,"105,743",-,-,3.50,7.35,6.50,6.50,4,0
2023.04.18.,Aug-22,Biogas,HU,108,"105,743",-,-,3.50,7.35,6.50,6.50,4,0
2023.04.18.,Sep-22,Biogas,HU,224,"105,743",125,6.33,3.50,7.35,0.05,6.50,5,3
2023.04.18.,Oct-22,Biogas,HU,160,"106,163",58,7.35,3.50,7.35,0.05,6.50,4,2
2023.04.18.,Nov-22,Biogas,HU,186,"106,163",119,7.35,3.50,7.35,0.05,6.50,4,2
2023.04.18.,Dec-22,Biogas,HU,312,"126,163",243,7.35,3.50,7.35,0.05,6.50,5,2
2023.04.18.,Jan-23,Biogas,HU,230,"129,376",230,8.02,7.11,8.30,0.18,0.18,4,3
2023.04.18.,Jan-23,Geothermal,HU,970,"130,170",970,8.30,1.50,8.30,0.18,0.18,5,2
2023.04.18.,Jan-23,Hydro,HU,"5,933","338,195","5,933",7.58,1.00,8.30,0.18,0.18,12,4
2023.04.18.,Jun-22,Solar,HU,"1,264","143,515",948,6.86,3.50,8.09,0.50,6.50,9,3
2023.04.18.,Jul-22,Solar,HU,"1,219","209,155",46,6.41,1.00,8.09,0.05,6.50,9,2
2023.04.18.,Aug-22,Solar,HU,"4,975","239,165","4,975",6.86,1.00,8.09,0.05,6.50,10,5
2023.04.18.,Sep-22,Solar,HU,"4,949","250,175","4,357",6.86,1.00,8.09,0.05,7.00,11,4
2023.04.18.,Oct-22,Solar,HU,"3,378","254,956","3,378",6.97,1.00,8.09,0.05,7.00,11,4
2023.04.18.,Nov-22,Solar,HU,"2,581","254,956","1,103",7.16,1.00,8.09,0.05,7.00,11,4
2023.04.18.,Dec-22,Solar,HU,431,"274,956",57,7.26,1.00,8.09,0.05,6.50,10,3
2023.04.18.,Jan-23,Solar,HU,"66,826","543,645","66,826",7.92,1.00,8.30,0.18,0.18,12,3
2023.04.18.,Apr-22,Solar,IT,1,"33,200",1,6.20,5.70,6.20,6.00,6.00,2,2
2023.04.18.,May-22,Solar,IT,1,"33,200",-,-,5.70,6.20,6.35,6.35,2,0
2023.04.18.,Jul-22,Solar,IT,"1,445","137,426","1,445",6.41,1.00,6.46,6.35,6.35,5,2
2023.04.18.,Aug-22,Solar,IT,"1,266","167,436","1,266",6.41,1.00,6.46,6.35,6.35,6,2
2023.04.18.,Sep-22,Solar,IT,"1,849","167,446","1,849",6.41,1.00,6.46,6.35,6.35,6,2
2023.04.18.,Oct-22,Solar,IT,"1,579","167,536","1,579",6.41,1.00,6.50,6.35,6.35,6,3
2023.04.18.,Nov-22,Solar,IT,778,"167,536",778,6.41,1.00,6.50,6.35,6.35,6,2
2023.04.18.,Dec-22,Solar,IT,557,"187,536",557,6.41,1.00,7.32,6.35,6.35,6,2
2023.04.18.,Jun-22,Wind,HU,296,"127,638",296,6.33,3.50,6.86,4.50,4.50,5,2
2023.04.18.,Jul-22,Wind,HU,341,"174,125",341,6.41,1.00,6.86,4.50,4.50,5,2
2023.04.18.,Aug-22,Wind,HU,258,"204,135",258,6.41,1.00,6.86,6.00,6.00,6,2
2023.04.18.,Sep-22,Wind,HU,266,"204,145",-,-,1.00,6.86,7.00,7.00,6,0
2023.04.18.,Oct-22,Wind,HU,217,"204,265",-,-,1.00,7.00,7.00,7.00,6,0
2023.04.18.,Nov-22,Wind,HU,"3,074","213,265",10,7.00,1.00,7.00,6.50,7.00,8,2
2023.04.18.,Dec-22,Wind,HU,598,"224,265",20,6.60,1.00,7.32,0.30,6.50,7,2
2023.04.18.,Jan-23,Wind,HU,"31,221","412,494","31,221",7.40,1.00,7.51,0.18,0.18,11,5
2023.04.18.,May-22,Wind,IT,44,"33,200",-,-,5.70,6.20,6.35,6.35,2,0
2023.04.18.,Jun-22,Wind,IT,514,"102,254",-,-,5.70,6.46,6.35,6.35,3,0
2023.04.18.,Feb-23,Wind,SE,"60,000","189,010",-,-,1.00,7.41,7.95,8.14,7,0
2023.05.23.,Jul-22,Biogas,HU,"1,612","11,517",988,5.27,1.00,5.27,0.05,7.00,4,2
2023.05.23.,Aug-22,Biogas,HU,"1,482","15,605",860,5.71,1.00,5.71,0.05,7.00,4,2
2023.05.23.,Sep-22,Biogas,HU,"1,811","15,605","1,015",5.71,1.00,5.71,0.05,7.00,4,2
2023.05.23.,Oct-22,Biogas,HU,"2,000","35,921","1,017",5.71,1.00,5.71,0.05,7.00,4,2
2023.05.23.,Nov-22,Biogas,HU,"1,783","35,921",862,5.71,1.00,5.71,0.05,7.00,4,2
2023.05.23.,Dec-22,Biogas,HU,996,"35,921",-,-,1.00,5.71,6.20,7.00,4,0
2023.05.23.,Feb-23,Biogas,HU,190,"142,397",190,7.57,1.00,7.69,0.18,0.18,6,3
2023.05.23.,Feb-23,Geothermal,HU,896,"143,146",896,7.69,1.00,7.69,0.18,0.18,6,2
2023.05.23.,Nov-22,Hydro,HU,"1,446","69,446",482,6.09,1.00,6.21,6.06,6.70,5,2
2023.05.23.,Dec-22,Hydro,HU,"2,268","69,446",756,6.09,1.00,6.21,6.06,6.90,5,2
2023.05.23.,Feb-23,Hydro,HU,"9,195","182,856","9,195",7.52,1.00,7.69,0.18,0.18,8,3
2023.05.23.,Aug-22,Solar,HU,241,"42,225",-,-,1.00,6.21,6.99,6.99,4,0
2023.05.23.,Sep-22,Solar,HU,181,"42,225",-,-,1.00,6.21,7.70,7.70,4,0
2023.05.23.,Oct-22,Solar,HU,836,"76,616",345,6.09,1.00,6.21,5.50,7.70,6,2
2023.05.23.,Nov-22,Solar,HU,915,"76,616",253,6.09,1.00,6.21,0.05,7.70,7,3
2023.05.23.,Dec-22,Solar,HU,917,"76,616",245,6.09,1.00,6.21,0.05,7.70,7,3
2023.05.23.,Feb-23,Solar,HU,"142,258","406,359","142,258",7.53,1.00,7.84,0.18,0.18,8,4
2023.05.23.,May-22,Solar,IT,1,604,1,5.02,4.04,6.12,4.00,4.00,3,2
2023.05.23.,Nov-22,Wind,HU,"12,610","88,216","4,042",6.09,1.00,6.21,6.06,7.00,7,2
2023.05.23.,Dec-22,Wind,HU,"20,117","88,216","6,513",6.18,1.00,6.21,6.06,7.00,7,2
2023.05.23.,Feb-23,Wind,HU,"30,909","200,043","30,909",7.21,1.00,7.50,0.18,0.18,8,4
2023.05.23.,May-22,Wind,IT,44,604,44,5.02,4.04,6.12,4.00,4.00,3,2
2023.05.23.,Jun-22,Wind,IT,514,"6,587",514,5.02,1.00,6.12,4.00,4.00,5,2
2023.06.20.,Aug-22,Biogas,HU,21,"8,830",21,5.73,4.60,6.26,4.50,4.50,4,2
2023.06.20.,Sep-22,Biogas,HU,502,"8,830",261,5.73,4.60,6.26,0.05,4.50,4,2
2023.06.20.,Oct-22,Biogas,HU,629,"7,549",363,5.88,5.00,6.26,0.05,5.50,4,3
2023.06.20.,Nov-22,Biogas,HU,587,"7,549",382,5.82,5.00,6.26,0.05,5.50,4,3
2023.06.20.,Dec-22,Biogas,HU,548,"7,549",370,5.83,5.00,6.26,0.05,5.50,4,3
2023.06.20.,Jan-23,Biogas,HU,64,"260,466",64,6.31,5.00,6.61,5.50,5.50,6,2
2023.06.20.,Feb-23,Biogas,HU,183,"260,466",183,6.31,5.00,6.61,5.50,5.50,6,2
2023.06.20.,Mar-23,Biogas,HU,195,"260,466",195,6.42,5.00,6.61,0.15,0.15,6,3
2023.06.20.,Dec-22,Biomass,FI,"2,135","11,576","2,135",5.80,5.05,6.20,3.00,3.00,4,3
2023.06.20.,Mar-23,Geothermal,HU,947,"263,032",947,6.69,1.00,6.69,0.15,0.15,7,2
2023.06.20.,Jan-23,Hydro,FR,"5,000","602,387",-,-,3.00,6.63,7.99,8.11,10,0
2023.06.20.,Feb-23,Hydro,FR,"5,000","677,387",-,-,3.00,6.63,7.99,8.11,10,0
2023.06.20.,Jan-23,Hydro,HU,"1,120","597,994","1,120",6.43,0.55,6.72,6.35,8.00,11,2
2023.06.20.,Feb-23,Hydro,HU,"1,064","672,994","1,064",6.43,0.55,6.72,6.35,8.00,11,2
2023.06.20.,Mar-23,Hydro,HU,"7,791","672,994","7,791",6.47,0.55,6.72,0.15,0.15,11,3
2023.06.20.,Jan-23,Solar,FR,"5,000","583,887",-,-,3.00,6.80,7.99,8.11,10,0
2023.06.20.,Feb-23,Solar,FR,"5,000","658,887",-,-,3.00,6.80,7.99,8.11,10,0
2023.06.20.,Sep-22,Solar,HU,492,"15,949",492,6.10,4.60,6.26,4.70,4.70,5,2
2023.06.20.,Nov-22,Solar,HU,"1,476","16,668",355,6.10,3.00,6.26,5.80,7.30,7,2
2023.06.20.,Dec-22,Solar,HU,372,"16,668",372,6.10,3.00,6.26,5.80,5.80,6,2
2023.06.20.,Mar-23,Solar,HU,"216,393","1,044,048","216,393",6.52,0.01,7.50,0.15,0.15,13,7
2023.06.20.,Jan-23,Wind,FR,"5,000","582,387",-,-,3.00,6.63,7.99,8.11,10,0
2023.06.20.,Feb-23,Wind,FR,"5,000","662,387",-,-,3.00,6.63,7.99,8.11,11,0
2023.06.20.,Sep-22,Wind,HU,266,"15,711",266,6.10,4.60,6.20,4.70,4.70,4,2
2023.06.20.,Oct-22,Wind,HU,217,"16,430",-,-,3.00,6.20,6.60,6.60,5,0
2023.06.20.,Nov-22,Wind,HU,"3,064","16,430",484,6.10,3.00,6.20,5.80,7.30,6,2
2023.06.20.,Dec-22,Wind,HU,578,"16,430",578,6.10,3.00,6.20,5.80,5.80,5,2
2023.06.20.,Jan-23,Wind,HU,"6,367","605,379","5,000",6.38,3.00,6.46,6.38,8.00,12,2
2023.06.20.,Feb-23,Wind,HU,"7,687","683,066","2,687",6.43,3.00,6.46,6.43,8.00,12,2
2023.06.20.,Mar-23,Wind,HU,"39,032","725,379","39,032",6.32,3.00,6.48,0.15,0.15,13,6
2023.07.18.,Sep-22,Biogas,HU,241,"27,587",241,5.56,5.21,6.20,4.00,4.00,4,2
2023.07.18.,Oct-22,Biogas,HU,266,"27,587",266,5.56,5.21,6.20,4.00,4.00,4,2
2023.07.18.,Nov-22,Biogas,HU,205,"27,587",205,5.56,5.21,6.20,4.00,4.00,4,2
2023.07.18.,Dec-22,Biogas,HU,178,"27,587",178,5.56,5.21,6.20,4.00,4.00,4,2
2023.07.18.,Jan-23,Biogas,HU,766,"373,676",574,6.04,0.07,6.21,0.05,7.00,6,2
2023.07.18.,Feb-23,Biogas,HU,948,"373,676",767,5.99,0.07,6.21,0.05,7.00,6,2
2023.07.18.,Mar-23,Biogas,HU,"1,164","373,676",950,6.01,0.07,6.21,0.05,7.00,6,2
2023.07.18.,Apr-23,Biogas,HU,143,"373,676",143,5.86,0.07,6.21,0.14,0.14,6,2
2023.07.18.,Oct-22,Biomass,HU,"4,906","42,287","4,906",6.15,4.90,6.20,6.10,6.10,5,2
2023.07.18.,Nov-22,Biomass,HU,"5,569","42,287",-,-,4.90,6.20,6.20,6.20,5,0
2023.07.18.,Apr-23,Geothermal,HU,874,"401,050",874,6.00,0.07,6.21,0.14,0.14,9,2
2023.07.18.,Apr-23,Hydro,HU,"11,551","856,680","11,551",6.33,0.07,6.33,0.14,0.14,12,2
2023.07.18.,Aug-22,Solar,HU,433,"20,219",433,6.10,4.50,6.20,3.90,4.50,6,3
2023.07.18.,Sep-22,Solar,HU,323,"36,185",181,6.10,5.00,6.20,4.50,8.00,6,2
2023.07.18.,Oct-22,Solar,HU,299,"36,185",146,6.10,5.00,6.20,5.00,8.00,8,2
2023.07.18.,Nov-22,Solar,HU,"1,232","36,185",56,6.10,5.00,6.20,5.00,8.00,7,2
2023.07.18.,Dec-22,Solar,HU,90,"36,185",57,6.10,5.00,6.20,5.00,8.00,7,2
2023.07.18.,Jan-23,Solar,HU,607,"717,945",-,-,0.07,6.21,6.60,6.60,9,0
2023.07.18.,Feb-23,Solar,HU,393,"717,945",-,-,0.07,6.21,6.60,6.60,9,0
2023.07.18.,Apr-23,Solar,HU,"249,982","1,103,338","249,982",6.07,0.07,6.25,0.14,0.14,15,9
2023.07.18.,Oct-22,Wind,HU,217,"36,185",217,6.10,5.00,6.20,6.10,6.10,5,2
2023.07.18.,Nov-22,Wind,HU,"2,580","36,185",-,-,5.00,6.20,6.20,6.20,5,0
2023.07.18.,Dec-22,Wind,HU,330,"36,185",-,-,5.00,6.20,6.30,6.30,5,0
2023.07.18.,Jan-23,Wind,HU,"1,367","716,445","1,367",6.07,0.07,6.30,4.56,6.30,9,3
2023.07.18.,Feb-23,Wind,HU,"5,000","715,945","5,000",6.07,0.07,6.21,4.56,6.40,9,2
2023.07.18.,Apr-23,Wind,HU,"33,439","941,777","33,439",6.08,0.07,6.25,0.14,0.14,14,3
2023.08.22.,Jan-23,Biogas,HU,192,"626,286",-,-,1.07,6.14,6.00,6.00,8,0
2023.08.22.,Feb-23,Biogas,HU,181,"626,286",-,-,1.07,6.14,6.00,6.00,8,0
2023.08.22.,Mar-23,Biogas,HU,214,"626,286",-,-,1.07,6.14,6.00,6.00,8,0
2023.08.22.,May-23,Biogas,HU,171,"626,286",171,5.02,1.07,6.14,0.12,0.12,8,2
2023.08.22.,Nov-22,Biomass,HU,"5,569","62,006",-,-,3.00,5.40,5.39,5.71,6,0
2023.08.22.,Jan-23,Biomass,HU,"15,000","796,574",-,-,1.07,6.14,5.75,6.10,10,0
2023.08.22.,Feb-23,Biomass,HU,"25,000","796,574",-,-,1.07,6.14,5.95,6.20,10,0
2023.08.22.,May-23,Geothermal,HU,606,"602,286",606,5.02,1.07,6.14,0.12,0.12,8,2
2023.08.22.,Mar-23,Hydro,HU,"1,267","990,549",-,-,1.07,6.14,5.50,7.00,11,0
2023.08.22.,May-23,Hydro,HU,"22,579","1,091,828","22,579",5.02,0.40,6.14,0.12,0.12,13,3
2023.08.22.,Oct-22,Solar,HU,55,"63,006",-,-,3.00,5.40,5.80,5.80,7,0
2023.08.22.,Nov-22,Solar,HU,"1,121","63,006",-,-,3.00,5.40,6.60,6.60,7,0
2023.08.22.,Jan-23,Solar,HU,607,"861,904",-,-,1.07,6.14,6.40,6.40,10,0
2023.08.22.,Feb-23,Solar,HU,393,"988,549",-,-,1.07,6.14,6.40,6.40,10,0
2023.08.22.,May-23,Solar,HU,"361,221","1,264,249","361,221",5.10,0.40,6.14,0.12,0.12,13,9
2023.08.22.,Jan-23,Wind,HR,"17,946","843,904",-,-,1.07,6.14,6.04,7.89,10,0
2023.08.22.,Feb-23,Wind,HR,"7,054","970,549",-,-,1.07,6.14,6.04,7.89,10,0
2023.08.22.,Nov-22,Wind,HU,"2,580","63,006",-,-,3.00,5.40,6.60,6.60,7,0
2023.08.22.,Dec-22,Wind,HU,330,"63,006",-,-,3.00,6.14,6.60,6.60,8,0
2023.08.22.,Mar-23,Wind,HU,"8,911","990,549",-,-,1.07,6.14,5.50,7.00,11,0
2023.08.22.,May-23,Wind,HU,"19,552","1,097,249","19,552",5.02,0.40,6.14,0.12,0.12,13,3
2023.09.19.,Jan-23,Biogas,HU,192,"173,250",-,-,3.38,5.30,6.00,6.00,4,0
2023.09.19.,Feb-23,Biogas,HU,181,"173,250",-,-,3.38,5.30,6.00,6.00,4,0
2023.09.19.,Mar-23,Biogas,HU,214,"173,250",-,-,3.38,5.30,6.00,6.00,4,0
2023.09.19.,Jun-23,Biogas,HU,159,"173,250",159,4.66,3.38,5.30,0.13,0.13,4,2
2023.09.19.,Nov-22,Biomass,HU,"98,080","131,680","23,569",4.69,3.38,4.90,3.50,5.15,6,4
2023.09.19.,Dec-22,Biomass,HU,"75,830","139,600","20,000",4.72,3.38,4.90,3.50,5.25,6,2
2023.09.19.,Jan-23,Biomass,HU,"15,000","260,154",-,-,3.38,5.30,4.90,4.90,6,0
2023.09.19.,Feb-23,Biomass,HU,"25,000","285,154","25,000",5.01,3.38,5.30,4.90,4.90,6,2
2023.09.19.,Jun-23,Geothermal,HU,530,"174,034",530,4.66,2.00,5.30,0.13,0.13,6,2
2023.09.19.,Mar-23,Hydro,HU,"1,267","509,197","1,267",4.66,2.00,5.40,2.00,6.00,11,3
2023.09.19.,Jun-23,Hydro,HU,"22,126","567,323","22,126",4.81,2.00,5.40,0.13,0.13,14,2
2023.09.19.,Oct-22,LandfillGas,HU,395,"6,520",395,4.02,3.38,4.46,4.00,5.00,3,2
2023.09.19.,Nov-22,LandfillGas,HU,493,"40,520",493,4.42,3.38,4.46,4.00,5.00,4,2
2023.09.19.,Dec-22,LandfillGas,HU,532,"100,520",532,4.67,3.38,4.72,4.00,5.00,4,2
2023.09.19.,Jan-23,LandfillGas,HU,510,"174,156",510,4.66,3.38,5.30,4.00,5.00,4,2
2023.09.19.,Feb-23,LandfillGas,HU,490,"174,156",490,4.66,3.38,5.30,4.00,5.00,4,2
2023.09.19.,Mar-23,LandfillGas,HU,428,"174,156",428,4.66,3.38,5.30,4.00,5.00,4,2
2023.09.19.,Apr-23,LandfillGas,HU,224,"174,156",224,4.66,3.38,5.30,4.00,5.00,4,2
2023.09.19.,Sep-22,Solar,HU,142,"105,730",-,-,3.38,4.90,3.85,4.00,4,0
2023.09.19.,Oct-22,Solar,HU,153,"112,164",55,4.02,3.38,4.90,1.00,6.00,6,2
2023.09.19.,Nov-22,Solar,HU,"1,176","153,425","1,121",5.30,2.00,5.30,4.10,6.00,9,2
2023.09.19.,Dec-22,Solar,HU,105,"213,425",72,5.30,2.00,5.30,4.00,6.00,10,2
2023.09.19.,Jan-23,Solar,HU,902,"456,304",237,4.66,2.00,5.40,4.50,5.50,12,3
2023.09.19.,Feb-23,Solar,HU,"1,038","562,697",444,4.66,2.00,5.40,4.50,6.00,13,3
2023.09.19.,Mar-23,Solar,HU,"1,618","562,697",744,4.66,2.00,5.40,4.50,6.00,13,3
2023.09.19.,Apr-23,Solar,HU,"3,643","562,697",827,4.66,2.00,5.40,4.50,6.00,13,3
2023.09.19.,May-23,Solar,HU,"1,377","612,697",999,4.66,2.00,5.40,4.50,6.00,13,3
2023.09.19.,Jun-23,Solar,HU,"390,064","979,697","390,064",4.84,1.76,5.40,0.13,0.13,14,10
2023.09.19.,Jan-23,Wind,HR,"17,946","350,914",-,-,3.38,5.30,6.30,6.50,7,0
2023.09.19.,Feb-23,Wind,HR,"7,054","446,307",-,-,3.38,5.30,6.30,6.50,8,0
2023.09.19.,Nov-22,Wind,HU,"2,580","157,811","2,580",5.30,2.00,5.30,4.10,4.10,8,2
2023.09.19.,Dec-22,Wind,HU,330,"217,811",330,5.30,2.00,5.30,4.10,4.10,8,2
2023.09.19.,Mar-23,Wind,HU,"8,911","497,107","8,911",4.66,2.00,5.40,2.00,6.00,10,4
2023.09.19.,Jun-23,Wind,HU,"13,633","572,107","13,633",4.71,2.00,5.40,0.13,0.13,13,5
2023.10.17.,Jan-23,Biogas,HU,192,"783,501",-,-,2.20,7.00,4.00,4.00,5,0
2023.10.17.,Feb-23,Biogas,HU,181,"787,902",-,-,2.20,7.00,4.00,4.00,6,0
2023.10.17.,Mar-23,Biogas,HU,214,"787,902",-,-,2.20,7.00,4.00,4.00,6,0
2023.10.17.,Apr-23,Biogas,HU,176,"791,502",-,-,2.20,7.00,4.50,4.50,6,0
2023.10.17.,May-23,Biogas,HU,92,"801,502",-,-,1.20,7.00,4.50,4.50,7,0
2023.10.17.,Jun-23,Biogas,HU,87,"801,502",-,-,1.20,7.00,4.50,4.50,7,0
2023.10.17.,Jul-23,Biogas,HU,189,"801,502",189,3.42,1.20,7.00,0.13,0.13,7,2
2023.10.17.,Dec-22,Biomass,HU,"60,826","261,000","6,996",3.58,2.25,4.20,0.05,4.80,8,5
2023.10.17.,Jan-23,Biomass,HU,"18,147","986,502",-,-,2.00,7.00,0.05,4.90,10,0
2023.10.17.,Feb-23,Biomass,HU,"3,631","990,903",-,-,2.00,7.00,0.05,4.25,10,0
2023.10.17.,Mar-23,Biomass,HU,"19,123","990,903",-,-,2.00,7.00,0.05,4.90,11,0
2023.10.17.,Jul-23,Geothermal,HU,211,"854,502",211,3.42,2.20,7.00,0.13,0.13,7,2
2023.10.17.,Jul-23,Hydro,HU,"18,925","1,272,058","18,925",3.42,1.00,7.00,0.13,0.13,12,3
2023.10.17.,May-23,LandfillGas,HU,244,"765,902",-,-,2.20,7.00,4.00,40.00,6,0
2023.10.17.,Jun-23,LandfillGas,HU,269,"765,902",-,-,2.20,7.00,4.00,40.00,6,0
2023.10.17.,Oct-22,Solar,HU,98,"154,290",98,3.63,2.25,3.63,1.25,7.00,5,2
2023.10.17.,Nov-22,Solar,HU,55,"156,290",55,3.63,2.25,4.20,2.30,7.00,6,2
2023.10.17.,Dec-22,Solar,HU,137,"201,290",-,-,2.25,4.20,4.50,8.00,6,0
2023.10.17.,Jan-23,Solar,HU,785,"1,154,001",-,-,2.00,7.00,4.00,7.00,11,0
2023.10.17.,Feb-23,Solar,HU,885,"1,175,958",-,-,1.00,7.00,4.00,7.00,12,0
2023.10.17.,Mar-23,Solar,HU,650,"1,175,958",-,-,1.00,7.00,4.00,7.00,11,0
2023.10.17.,Apr-23,Solar,HU,671,"1,217,058",-,-,1.00,7.00,4.00,7.00,11,0
2023.10.17.,May-23,Solar,HU,869,"1,227,058",-,-,1.00,7.00,4.00,7.00,12,0
2023.10.17.,Jul-23,Solar,HU,"431,140","1,301,658","431,140",3.53,1.00,7.00,0.13,0.13,12,9
2023.10.17.,Jan-23,Wind,HR,"17,946","1,156,001",-,-,2.00,7.00,4.50,5.50,9,0
2023.10.17.,Feb-23,Wind,HR,"7,054","1,175,958",-,-,1.00,7.00,4.50,5.50,10,0
2023.10.17.,Jul-23,Wind,HU,"17,508","1,272,058","17,508",3.42,1.00,7.00,0.13,0.13,12,2
2023.11.21.,Aug-23,Biogas,HU,176,"437,677",176,3.25,1.00,3.33,0.14,0.14,7,2
2023.11.21.,Jan-23,Biomass,HU,"82,571","581,201",343,3.31,1.00,3.60,3.00,4.10,12,2
2023.11.21.,Feb-23,Biomass,HU,"3,631","601,201",-,-,1.00,3.60,3.60,4.20,9,0
2023.11.21.,Mar-23,Biomass,HU,"19,123","601,201",-,-,1.00,3.60,3.60,4.20,10,0
2023.11.21.,Aug-23,Geothermal,HU,308,"426,809",308,3.25,1.00,3.65,0.14,0.14,8,2
2023.11.21.,Aug-23,Hydro,HU,"15,750","1,006,838","15,750",3.50,1.00,3.65,0.14,0.14,13,3
2023.11.21.,May-23,LandfillGas,HU,244,"429,647",244,3.25,1.00,3.33,3.00,3.00,5,2
2023.11.21.,Jun-23,LandfillGas,HU,269,"429,647",269,3.25,1.00,3.33,3.00,3.00,5,2
2023.11.21.,Jul-23,LandfillGas,HU,477,"429,647",477,3.25,1.00,3.33,3.00,3.00,5,2
2023.11.21.,Aug-23,LandfillGas,HU,540,"417,501",540,3.25,1.00,3.33,3.00,3.00,5,2
2023.11.21.,Dec-22,Solar,HU,137,"75,274",137,3.13,1.60,3.13,1.10,8.00,4,2
2023.11.21.,Jan-23,Solar,HU,196,"989,201",196,3.31,1.00,3.60,3.00,8.50,12,3
2023.11.21.,Feb-23,Solar,HU,"2,262","1,197,838",183,3.31,1.00,3.72,3.00,8.00,14,3
2023.11.21.,Mar-23,Solar,HU,"1,550","1,197,838",275,3.31,1.00,3.72,3.00,8.00,14,3
2023.11.21.,Apr-23,Solar,HU,"1,174","1,386,484",272,3.31,1.00,3.72,3.00,8.00,14,3
2023.11.21.,May-23,Solar,HU,"1,571","1,386,484",378,3.31,1.00,3.72,3.00,8.00,14,3
2023.11.21.,Jun-23,Solar,HU,768,"1,396,484",-,-,1.00,3.72,3.50,4.00,13,0
2023.11.21.,Jul-23,Solar,HU,651,"1,396,484",-,-,1.00,3.72,3.40,3.90,13,0
2023.11.21.,Aug-23,Solar,HU,"389,298","1,504,338","389,298",3.43,1.00,3.75,0.14,0.14,14,11
2023.11.21.,Jan-23,Wind,HU,"1,779","570,201","1,779",3.30,1.00,3.60,3.00,4.00,9,2
2023.11.21.,Feb-23,Wind,HU,"4,307","775,338",-,-,1.00,3.60,4.20,4.30,10,0
2023.11.21.,Mar-23,Wind,HU,489,"775,338",-,-,1.00,3.60,4.20,4.30,10,0
2023.11.21.,Aug-23,Wind,HU,"13,777","1,009,838","13,777",3.54,1.00,3.65,0.14,0.14,13,3
2023.12.19.,May-23,Biomass,HU,"22,000","1,586,366","22,000",3.08,0.55,4.00,0.20,0.20,10,3
2023.12.19.,Sep-23,Wind,HU,"16,912","1,821,778","16,912",3.17,0.55,4.00,0.14,0.14,14,3
2023.12.19.,Sep-23,Hydro,HU,"12,981","1,835,779","12,981",3.06,0.55,4.00,0.14,0.14,13,3
2023.12.19.,Feb-23,Biomass,HU,"58,561","1,571,366","58,561",3.05,0.55,4.00,2.80,3.15,10,4
2023.12.19.,May-23,Wind,HU,"3,718","1,723,973",-,-,0.55,4.00,3.00,3.30,13,0
2023.12.19.,Jun-23,Solar,HU,790,"1,768,279",-,-,0.55,4.00,3.10,5.00,14,0
2023.12.19.,Jan-23,Biomass,HU,"82,228","1,554,001","82,228",3.10,0.55,4.00,0.20,3.50,9,4
2023.12.19.,Feb-23,Solar,HU,291,"1,589,279",-,-,0.55,4.00,3.90,8.00,11,0
2023.12.19.,Jun-23,Wind,HU,"2,098","1,723,973",-,-,0.55,4.00,3.00,3.30,13,0
2023.12.19.,Sep-23,Geothermal,HU,481,"1,566,393",481,3.06,0.55,4.00,0.14,0.14,10,2
2023.12.19.,May-23,Solar,HU,"4,399","1,768,279",-,-,0.55,4.00,3.10,9.00,15,0
2023.12.19.,Mar-23,Biomass,HU,"30,000","1,571,366","30,000",3.11,0.55,4.00,0.20,3.50,10,2
2023.12.19.,Sep-23,Solar,HU,"339,573","1,977,230","339,573",3.11,0.55,4.00,0.14,0.14,15,8
2023.12.19.,Aug-23,Solar,HU,721,"1,850,779",-,-,0.55,4.00,3.10,5.00,14,0
2023.12.19.,Jun-23,Biomass,HU,"18,000","1,586,366","18,000",3.08,0.55,4.00,0.20,0.20,10,3
2023.12.19.,Aug-23,Wind,HU,"2,298","1,815,473",-,-,0.55,4.00,3.00,3.30,14,0
2023.12.19.,Jul-23,Solar,HU,866,"1,850,779",-,-,0.55,4.00,3.10,5.00,14,0
2023.12.19.,Apr-23,Wind,HU,30,"1,689,973",-,-,0.55,4.00,3.00,3.30,12,0
2023.12.19.,Jul-23,Wind,HU,"2,463","1,815,473",-,-,0.55,4.00,3.00,3.30,14,0
2023.12.19.,Apr-23,Biomass,HU,"15,000","1,586,366","15,000",3.08,0.55,4.00,0.20,3.50,10,3
2023.12.19.,Apr-23,Solar,HU,"1,015","1,714,279",616,3.06,0.55,4.00,3.00,9.00,14,2
2023.12.19.,Sep-23,Biogas,HU,46,"1,514,393",46,3.06,0.55,4.00,0.14,0.14,9,2
2023.12.19.,Mar-23,Solar,HU,945,"1,589,279",570,3.06,0.55,4.00,3.00,9.00,12,2
2024.01.16.,Jan-23,Biogas,HU,192,"75,194",192,1.26,0.82,10.00,0.05,0.05,4,2
2024.01.16.,Feb-23,Biogas,HU,239,"262,001",239,1.61,0.82,10.00,0.05,0.05,4,2
2024.01.16.,Jan-23,Biomass,HU,2,"205,194",2,1.50,0.82,10.00,0.05,0.05,4,2
2024.01.16.,Mar-23,Biomass,HU,"63,700","1,156,001",-,-,0.82,10.00,2.36,2.36,9,0
2024.01.16.,Apr-23,Biomass,HU,"63,422","1,156,001",-,-,0.82,10.00,2.46,2.46,9,0
2024.01.16.,May-23,Biomass,HU,2,"1,106,001",2,1.85,0.82,10.00,0.05,0.05,8,2
2024.01.16.,Sep-23,LandfillGas,HU,396,"899,501",-,-,0.82,10.00,2.00,2.00,6,0
2024.01.16.,Oct-23,Solar,CZ,"4,400","1,087,001",-,-,0.82,10.00,2.25,2.40,11,0
2024.01.16.,Mar-23,Solar,ES,554,"977,001",-,-,0.82,10.00,2.25,2.40,9,0
2024.01.16.,Feb-23,Solar,HU,291,"402,001",291,1.61,0.82,10.00,1.10,1.10,5,2
2024.01.16.,Apr-23,Solar,HU,503,"1,286,001",503,1.85,0.82,10.00,1.00,1.00,11,2
2024.01.16.,May-23,Solar,HU,"4,610","1,240,501",702,1.85,0.82,10.00,1.00,5.00,11,2
2024.01.16.,Jun-23,Solar,HU,"1,558","1,236,001",768,1.85,0.82,10.00,1.00,6.00,11,2
2024.01.16.,Jul-23,Solar,HU,"1,517","1,366,001",651,1.85,0.82,10.00,1.00,7.00,13,2
2024.01.16.,Aug-23,Solar,HU,721,"1,376,001",-,-,0.82,10.00,3.30,7.00,13,0
2024.01.16.,Oct-23,Solar,HU,"151,011","1,381,101","151,011",1.82,0.82,10.00,0.14,0.14,13,8
2024.01.16.,Sep-23,Wind,FR,"16,000","1,248,501",-,-,0.82,10.00,2.25,2.40,12,0
2024.01.16.,May-23,Wind,HR,243,"1,097,001",-,-,0.82,10.00,2.25,2.40,9,0
2024.01.16.,Aug-23,Wind,HR,184,"1,238,501",-,-,0.82,10.00,2.25,2.40,12,0
2024.01.16.,Apr-23,Wind,HU,30,"1,156,001",-,-,0.82,10.00,2.40,2.40,9,0
2024.01.16.,May-23,Wind,HU,"3,718","1,109,501",-,-,0.82,10.00,3.30,3.30,9,0
2024.01.16.,Jun-23,Wind,HU,"2,098","1,111,001",-,-,0.82,10.00,3.30,3.30,9,0
2024.01.16.,Jul-23,Wind,HU,"2,463","1,241,001",-,-,0.82,10.00,3.30,3.30,11,0
2024.01.16.,Aug-23,Wind,HU,"2,298","1,251,001",-,-,0.82,10.00,3.30,3.30,12,0
2024.01.16.,Sep-23,Wind,HU,"2,939","1,261,101",-,-,0.82,10.00,3.30,3.30,13,0
2024.02.20.,Mar-23,Biogas,HU,332,"767,054",332,0.97,0.56,5.00,0.05,0.05,7,3
2024.02.20.,Apr-23,Biogas,HU,313,"869,554",313,0.97,0.56,5.00,0.05,0.05,8,3
2024.02.20.,Oct-23,Biogas,HU,56,"870,291",56,0.97,0.56,5.00,0.14,0.14,8,3
2024.02.20.,Nov-23,Biogas,HU,54,"870,291",54,0.97,0.56,5.00,0.13,0.13,8,3
2024.02.20.,Mar-23,Biomass,HU,"63,700","1,084,013","25,819",1.02,0.56,5.00,1.00,1.00,7,3
2024.02.20.,Apr-23,Biomass,HU,"63,422","1,186,513",-,-,0.56,5.00,1.25,1.25,8,0
2024.02.20.,Oct-23,Geothermal,HU,605,"1,299,741",605,0.97,0.56,5.00,0.14,0.14,10,4
2024.02.20.,Nov-23,Geothermal,HU,795,"1,299,741",795,0.97,0.56,5.00,0.13,0.13,10,4
2024.02.20.,Oct-23,Hydro,HU,"9,825","1,557,670","9,825",0.97,0.56,5.00,0.14,0.14,12,4
2024.02.20.,Nov-23,Hydro,HU,"11,230","1,557,670","11,230",0.97,0.56,5.00,0.13,0.13,12,4
2024.02.20.,Sep-23,LandfillGas,HU,396,"827,054",-,-,0.56,5.00,1.00,1.00,8,0
2024.02.20.,Oct-23,LandfillGas,HU,268,"827,791",-,-,0.56,5.00,1.00,1.00,8,0
2024.02.20.,Mar-23,Solar,HU,543,"1,196,304",543,1.05,0.56,5.00,0.05,0.05,10,2
2024.02.20.,Apr-23,Solar,HU,"1,685","1,487,456",685,1.10,0.56,5.00,0.05,2.50,15,2
2024.02.20.,May-23,Solar,HU,"3,908","1,487,456",-,-,0.56,5.00,1.25,2.50,14,0
2024.02.20.,Jun-23,Solar,HU,"1,265","1,487,456",475,1.10,0.56,5.00,0.80,2.50,14,2
2024.02.20.,Jul-23,Solar,HU,"1,367","1,487,456",501,1.10,0.56,5.00,0.80,5.00,12,2
2024.02.20.,Aug-23,Solar,HU,"1,860","1,487,456","1,139",1.10,0.56,5.00,0.50,5.00,13,3
2024.02.20.,Sep-23,Solar,HU,829,"1,471,725",829,1.10,0.56,5.00,0.50,1.25,14,3
2024.02.20.,Oct-23,Solar,HU,"103,926","1,621,615","103,926",1.06,0.56,5.00,0.14,0.80,15,10
2024.02.20.,Nov-23,Solar,HU,"151,044","1,621,615","151,044",1.04,0.56,5.00,0.13,0.13,13,9
2024.02.20.,Apr-23,Wind,HU,30,"1,463,950",30,1.10,0.56,5.00,1.00,1.00,12,2
2024.02.20.,May-23,Wind,HU,"3,718","1,463,950",-,-,0.56,5.00,1.25,1.25,12,0
2024.02.20.,Jun-23,Wind,HU,"2,098","1,463,950",-,-,0.56,5.00,1.25,1.25,12,0
2024.02.20.,Sep-23,Wind,HU,"2,939","1,463,950",-,-,0.56,5.00,1.25,1.25,12,0
2024.02.20.,Oct-23,Wind,HU,"31,650","1,561,115","31,650",1.04,0.56,5.00,0.14,0.14,13,7
2024.02.20.,Nov-23,Wind,HU,"39,138","1,579,253","39,138",1.07,0.56,5.00,0.13,0.13,13,4
2024.03.19.,May-23,Biogas,HU,182,"1,007,391",182,0.52,0.15,2.00,0.05,0.05,6,2
2024.03.19.,Jun-23,Biogas,HU,3,"1,007,391",3,0.52,0.15,2.00,0.05,0.05,6,2
2024.03.19.,Jul-23,Biogas,HU,87,"1,042,391",87,0.52,0.15,2.00,0.05,0.05,6,2
2024.03.19.,Aug-23,Biogas,HU,160,"1,042,391",160,0.52,0.15,2.00,0.05,0.05,6,2
2024.03.19.,Sep-23,Biogas,HU,191,"1,042,391",191,0.52,0.15,2.00,0.05,0.05,6,2
2024.03.19.,Dec-23,Biogas,HU,61,"1,394,139",61,0.52,0.15,2.00,0.12,0.12,8,2
2024.03.19.,Apr-23,Biomass,HU,"63,422","1,344,891","57,457",0.61,0.15,2.00,0.55,0.55,9,4
2024.03.19.,May-23,Biomass,HU,"42,581","1,354,891","31,087",0.62,0.15,2.00,0.59,0.59,9,4
2024.03.19.,Jun-23,Biomass,HU,"45,104","1,354,891",1,2.00,0.15,2.00,0.69,0.69,9,2
2024.03.19.,Jul-23,Biomass,HU,"23,722","1,389,891",-,-,0.15,2.00,0.72,0.72,9,0
2024.03.19.,Dec-23,Geothermal,HU,888,"1,255,391",888,0.52,0.15,2.00,0.12,0.12,8,2
2024.03.19.,Sep-23,Hydro,HU,910,"1,583,226",-,-,0.15,2.00,0.60,0.60,10,0
2024.03.19.,Oct-23,Hydro,HU,723,"1,919,474",-,-,0.15,2.00,0.60,0.60,11,0
2024.03.19.,Nov-23,Hydro,HU,"1,033","1,919,474",-,-,0.15,2.00,0.60,0.60,11,0
2024.03.19.,Dec-23,Hydro,HU,"2,319","2,029,974","2,319",0.57,0.15,2.00,0.12,0.12,12,2
2024.03.19.,Sep-23,LandfillGas,HU,396,"1,022,391",396,0.52,0.15,2.00,0.40,0.40,5,2
2024.03.19.,Oct-23,LandfillGas,HU,268,"1,047,391",268,0.52,0.15,2.00,0.40,0.40,5,2
2024.03.19.,Mar-23,Solar,HU,"2,394","207,879","2,394",0.50,0.03,2.00,0.20,0.70,6,2
2024.03.19.,Apr-23,Solar,HU,"2,709","1,412,787","2,709",0.55,0.15,2.00,0.40,0.70,10,2
2024.03.19.,May-23,Solar,HU,"5,517","1,502,787","1,486",0.55,0.15,2.00,0.05,0.70,12,3
2024.03.19.,Jun-23,Solar,HU,"6,532","1,502,787",790,0.55,0.15,2.00,0.40,0.70,11,2
2024.03.19.,Jul-23,Solar,HU,"11,036","1,701,122",866,0.58,0.15,2.00,0.40,0.70,13,2
2024.03.19.,Aug-23,Solar,HU,"11,490","1,701,122",-,-,0.15,2.00,0.70,5.00,13,0
2024.03.19.,Sep-23,Solar,HU,"6,672","1,701,122",369,0.57,0.15,2.00,0.10,5.00,14,2
2024.03.19.,Oct-23,Solar,HU,"5,268","2,037,370",-,-,0.15,2.00,0.70,5.00,15,0
2024.03.19.,Nov-23,Solar,HU,483,"2,037,370",175,0.57,0.15,2.00,0.50,5.00,15,2
2024.03.19.,Dec-23,Solar,HU,"105,583","2,147,870","105,583",0.63,0.15,2.00,0.12,0.12,14,7
2024.03.19.,Dec-23,Wind,HR,5,"1,804,474",5,0.57,0.15,2.00,0.40,0.40,10,2
2024.03.19.,Jan-24,Wind,HR,"2,042","1,413,105","2,042",1.71,0.15,2.00,1.40,1.40,10,2
2024.03.19.,Oct-23,Wind,HU,"4,103","1,995,156",-,-,0.15,2.00,0.87,0.87,13,0
2024.03.19.,Nov-23,Wind,HU,"11,579","1,995,156",-,-,0.15,2.00,0.60,0.87,14,0
2024.03.19.,Dec-23,Wind,HU,"30,807","2,105,656","30,807",0.63,0.15,2.00,0.12,0.12,14,6
2024.04.16.,Sep-23,Biomass,HU,"9,823","268,040",459,1.65,0.15,1.65,1.60,1.60,8,2
2024.04.16.,Sep-23,Wind,HU,232,"537,888",232,0.72,0.15,1.65,0.60,0.60,10,3
2024.04.16.,Sep-23,Hydro,HU,910,"458,335",910,0.72,0.15,1.65,0.40,0.60,10,2
2024.04.16.,Dec-23,Solar,HU,435,"530,983",435,0.71,0.15,0.90,0.30,0.70,12,5
2024.04.16.,Jun-23,Solar,HU,"8,046","278,306","8,046",0.71,0.15,0.71,0.30,0.45,10,4
2024.04.16.,Jul-23,Wind,ES,930,"472,555",930,0.71,0.15,0.72,0.60,0.60,8,2
2024.04.16.,Jun-23,Biogas,HU,111,"137,673",111,0.61,0.15,0.61,0.30,0.30,5,2
2024.04.16.,Nov-23,LandfillGas,HU,509,"189,101",509,0.52,0.15,1.65,0.40,0.40,5,2
2024.04.16.,Nov-23,Wind,HU,"7,181","499,284","7,181",0.72,0.15,1.65,0.40,0.70,11,4
2024.04.16.,May-23,Solar,HU,"4,890","198,650","4,890",0.60,0.15,0.60,0.20,0.30,8,3
2024.04.16.,Sep-23,Solar,HU,"12,682","537,888","12,682",0.72,0.15,1.65,0.30,0.60,13,6
2024.04.16.,Aug-23,Hydro,SE,960,"362,135",960,0.71,0.15,0.72,0.60,0.60,7,2
2024.04.16.,Dec-23,Biomass,HU,"9,307","362,837",-,-,0.15,0.90,1.61,1.61,8,0
2024.04.16.,Jan-24,Biogas,HU,52,"645,001",52,1.47,0.15,2.50,0.12,0.12,6,3
2024.04.16.,Aug-23,Solar,HU,"17,203","581,258","17,203",0.72,0.15,0.72,0.30,0.60,13,5
2024.04.16.,Jun-23,Biomass,HU,"2,562","187,673","2,562",0.61,0.15,0.61,0.56,0.56,6,2
2024.04.16.,Nov-23,Biogas,FR,265,"259,101",-,-,0.15,1.65,0.70,0.70,6,0
2024.04.16.,Oct-23,Wind,HU,349,"499,769",349,0.72,0.15,1.65,0.70,0.70,10,2
2024.04.16.,Aug-23,Biogas,HU,"1,349","251,840","1,349",0.61,0.15,0.61,0.30,0.60,7,2
2024.04.16.,Nov-23,Solar,HU,"2,406","493,843","2,406",0.72,0.15,1.65,0.30,0.70,13,6
2024.04.16.,Oct-23,Hydro,HU,723,"426,090",723,0.72,0.15,1.65,0.40,0.70,10,2
2024.04.16.,Jul-23,Solar,HU,"13,057","577,112","13,057",0.72,0.15,0.72,0.30,0.60,13,5
2024.04.16.,Oct-23,Biomass,HU,"12,255","327,303","1,324",1.65,0.15,1.65,1.60,1.60,8,2
2024.04.16.,Dec-23,LandfillGas,HU,529,"184,836",529,0.52,0.15,0.52,0.40,0.40,5,2
2024.04.16.,Jul-23,Biogas,HU,"1,167","269,889","1,167",0.61,0.15,0.61,0.30,0.60,7,2
2024.04.16.,Oct-23,Solar,HU,"8,843","500,820","8,843",0.72,0.15,1.65,0.30,0.70,14,7
2024.04.16.,Nov-23,Hydro,HU,"1,033","425,889","1,033",0.72,0.15,1.65,0.40,0.70,10,2
2024.04.16.,Aug-23,Biomass,HU,"4,531","301,840",-,-,0.15,0.61,1.60,1.60,7,0
2024.04.16.,Apr-23,Solar,HU,591,"3,141",591,0.56,0.36,0.56,0.10,0.30,5,3
2024.04.16.,Sep-23,Biogas,HU,"1,388","258,039","1,388",0.61,0.15,1.65,0.30,0.60,7,2
2024.04.16.,Dec-23,Wind,HU,367,"538,445",367,0.72,0.15,0.90,0.70,0.70,10,2
2024.04.16.,Jan-24,Geothermal,HU,723,"645,001",723,1.47,0.15,2.50,0.12,0.12,6,3
2024.04.16.,Nov-23,Biomass,HU,"11,455","327,102",839,1.65,0.15,1.65,1.60,1.60,8,2
2024.04.16.,Jan-24,Hydro,HU,"1,667","1,345,502","1,667",1.47,0.15,2.50,0.12,0.12,10,6
2024.04.16.,Aug-23,Wind,IT,560,"434,055",560,0.71,0.15,0.72,0.60,0.60,7,2
2024.04.16.,Jan-24,Solar,HU,"194,285","1,384,662","194,285",1.50,0.15,2.50,0.12,0.12,11,9
2024.04.16.,Jul-23,Biomass,HU,"23,722","319,889",-,-,0.15,0.61,1.50,1.54,7,0
2024.04.16.,Jan-24,Wind,HU,"40,187","1,374,849","40,187",1.49,0.15,2.50,0.12,0.12,11,5
2024.05.21.,Nov-23,Biogas,FR,265,"415,499",265,0.31,0.15,0.31,0.25,0.25,5,2
2024.05.21.,May-23,Biogas,HU,918,915,915,0.12,0.12,0.12,0.05,0.05,2,2
2024.05.21.,Jun-23,Biogas,HU,930,"15,000",930,0.22,0.22,0.22,0.05,0.05,2,2
2024.05.21.,Jul-23,Biogas,HU,"1,032","347,330","1,032",0.25,0.15,0.25,0.05,0.05,4,2
2024.05.21.,Aug-23,Biogas,HU,851,"518,466",851,0.25,0.15,0.25,0.05,0.05,5,3
2024.05.21.,Sep-23,Biogas,HU,985,"518,466",985,0.25,0.15,0.25,0.05,0.05,5,3
2024.05.21.,Oct-23,Biogas,HU,"3,467","518,466","1,105",0.25,0.15,0.25,0.05,2.00,7,3
2024.05.21.,Nov-23,Biogas,HU,"2,121","415,499",139,0.31,0.15,0.31,0.13,3.00,7,2
2024.05.21.,Dec-23,Biogas,HU,"2,476","409,312",-,-,0.15,0.35,0.12,4.00,7,0
2024.05.21.,Feb-24,Biogas,HU,755,"694,347",755,0.83,0.15,2.00,0.10,0.10,6,2
2024.05.21.,Jul-23,Biomass,HU,"58,202","492,330","34,480",0.40,0.15,0.40,0.16,0.75,6,2
2024.05.21.,Aug-23,Biomass,HU,"49,387","663,466","25,150",0.35,0.15,0.40,0.33,1.65,7,2
2024.05.21.,Sep-23,Biomass,HU,"30,646","663,466",-,-,0.15,0.40,1.65,1.65,6,0
2024.05.21.,Oct-23,Biomass,HU,"66,920","683,566",-,-,0.12,0.70,0.14,1.65,8,0
2024.05.21.,Nov-23,Biomass,HU,"66,421","585,599",-,-,0.12,0.70,0.13,1.65,8,0
2024.05.21.,Dec-23,Biomass,HU,"60,248","579,412",-,-,0.12,0.70,0.12,1.85,8,0
2024.05.21.,Jan-24,Biomass,HU,"24,640","796,347",-,-,0.12,2.00,0.12,5.00,9,0
2024.05.21.,Feb-24,Biomass,HU,"23,674","801,347","23,674",0.83,0.12,2.00,0.10,0.10,8,2
2024.05.21.,Feb-24,Geothermal,HU,673,"364,822",673,0.83,0.22,2.30,0.10,0.10,6,2
2024.05.21.,Dec-23,Hydro,HU,740,"266,526",-,-,0.02,0.44,0.12,4.00,11,0
2024.05.21.,Feb-24,Hydro,HU,"3,552","1,401,056","3,552",0.87,0.12,2.30,0.10,0.10,12,2
2024.05.21.,Oct-23,LandfillGas,HU,354,"188,466",-,-,0.22,0.25,2.00,2.00,4,0
2024.05.21.,Nov-23,LandfillGas,HU,353,"85,499",-,-,0.22,0.31,3.00,3.00,4,0
2024.05.21.,Dec-23,LandfillGas,HU,416,"79,312",-,-,0.22,0.35,4.00,4.00,4,0
2024.05.21.,Jun-23,Solar,HU,55,"195,000",-,-,0.22,0.40,0.40,0.40,4,0
2024.05.21.,Jul-23,Solar,HU,"4,438","238,042","4,438",0.41,0.22,0.41,0.25,0.40,7,3
2024.05.21.,Aug-23,Solar,HU,"3,902","409,178","3,902",0.41,0.22,0.41,0.30,0.40,8,3
2024.05.21.,Sep-23,Solar,HU,"8,170","409,178","8,170",0.41,0.22,0.41,0.30,0.40,8,3
2024.05.21.,Oct-23,Solar,HU,"7,635","468,380","7,635",0.41,0.02,0.41,0.14,0.40,12,4
2024.05.21.,Nov-23,Solar,HU,"7,285","304,529","7,282",0.42,0.02,0.42,0.10,2.00,14,6
2024.05.21.,Dec-23,Solar,HU,"4,605","306,526","4,605",0.44,0.02,0.44,0.12,0.40,13,5
2024.05.21.,Jan-24,Solar,HU,"1,906","1,551,056","1,906",0.87,0.12,2.30,0.12,0.50,14,4
2024.05.21.,Feb-24,Solar,HU,"222,641","1,651,056","222,641",0.87,0.12,2.30,0.10,0.30,14,5
2024.05.21.,Dec-23,Wind,HU,"3,937","306,526",-,-,0.02,0.44,0.12,4.00,11,0
2024.05.21.,Feb-24,Wind,HU,"38,861","1,701,056","38,861",0.87,0.12,2.30,0.10,0.10,13,2
2024.06.18.,Oct-23,Biogas,HU,"2,702","871,210","1,521",0.34,0.12,0.42,0.10,0.50,6,3
2024.06.18.,Nov-23,Biogas,HU,"2,560","855,245","1,569",0.32,0.12,0.42,0.10,0.50,6,3
2024.06.18.,Dec-23,Biogas,HU,"1,318","851,939",-,-,0.12,0.42,0.40,0.50,6,0
2024.06.18.,Jan-24,Biogas,HU,"1,260","1,751,501",-,-,0.12,1.70,1.20,1.20,9,0
2024.06.18.,Feb-24,Biogas,HU,"1,155","1,751,501",-,-,0.12,1.70,1.20,1.20,9,0
2024.06.18.,Mar-24,Biogas,HU,806,"1,751,501",806,1.01,0.12,1.70,0.10,0.10,9,2
2024.06.18.,Jul-23,Biomass,HU,"23,722","682,567","23,722",0.38,0.12,0.43,0.25,0.25,6,3
2024.06.18.,Aug-23,Biomass,HU,"24,237","684,778",-,-,0.12,0.43,0.38,0.38,6,0
2024.06.18.,Sep-23,Biomass,HU,"50,096","715,141","29,675",0.42,0.12,0.43,0.15,0.45,7,3
2024.06.18.,Oct-23,Biomass,HU,"83,570","962,210","5,000",0.41,0.12,0.43,0.15,1.50,9,2
2024.06.18.,Nov-23,Biomass,HU,"66,421","946,245",-,-,0.12,0.43,1.50,1.50,8,0
2024.06.18.,Dec-23,Biomass,HU,"60,248","942,939",-,-,0.12,0.43,1.50,1.50,8,0
2024.06.18.,Jan-24,Biomass,HU,"49,244","1,900,501",-,-,0.12,1.70,1.45,1.45,12,0
2024.06.18.,Mar-24,Biomass,HU,"26,832","1,890,501","26,832",1.01,0.12,1.70,0.10,0.10,12,4
2024.06.18.,Mar-24,Geothermal,HU,824,"1,741,501",824,1.01,0.12,1.70,0.10,0.10,9,2
2024.06.18.,Jan-24,Hydro,HR,"15,000","1,864,001",-,-,0.12,1.70,1.20,1.20,10,0
2024.06.18.,Dec-23,Hydro,HU,740,"1,023,134",-,-,0.12,0.43,0.50,0.50,9,0
2024.06.18.,Jan-24,Hydro,HU,"1,130","2,392,501",-,-,0.12,1.70,1.20,1.20,13,0
2024.06.18.,Feb-24,Hydro,HU,"1,203","2,492,501",-,-,0.12,1.70,1.20,1.20,14,0
2024.06.18.,Mar-24,Hydro,HU,"14,685","2,492,501","14,685",1.01,0.12,1.70,0.10,0.10,14,5
2024.06.18.,Oct-23,LandfillGas,HU,354,"871,210",-,-,0.12,0.42,0.50,0.50,5,0
2024.06.18.,Nov-23,LandfillGas,HU,353,"855,245",-,-,0.12,0.42,0.50,0.50,5,0
2024.06.18.,Dec-23,LandfillGas,HU,416,"851,939",-,-,0.12,0.42,0.50,0.50,5,0
2024.06.18.,Jan-24,LandfillGas,HU,853,"1,691,501",412,1.01,0.12,1.70,0.30,1.20,9,2
2024.06.18.,Feb-24,LandfillGas,HU,410,"1,691,501",-,-,0.12,1.70,1.20,1.20,8,0
2024.06.18.,Jul-23,Solar,HU,345,"768,962",345,0.38,0.12,0.43,0.25,0.25,8,2
2024.06.18.,Aug-23,Solar,HU,"2,041","771,173",410,0.38,0.12,0.43,0.25,0.40,10,3
2024.06.18.,Sep-23,Solar,HU,248,"801,536",248,0.38,0.12,0.43,0.10,0.30,9,3
2024.06.18.,Oct-23,Solar,HU,"1,682","1,052,605","1,682",0.41,0.12,0.43,0.10,0.40,11,5
2024.06.18.,Nov-23,Solar,HU,"3,064","1,036,640","1,138",0.41,0.12,0.43,0.10,0.80,12,5
2024.06.18.,Dec-23,Solar,HU,"2,483","1,033,334",707,0.40,0.12,0.43,0.30,0.80,12,4
2024.06.18.,Jan-24,Solar,HU,"5,889","2,429,443","5,889",1.10,0.12,1.70,0.30,0.40,14,7
2024.06.18.,Feb-24,Solar,HU,"7,694","2,534,443","7,694",1.13,0.12,1.70,0.30,0.40,16,4
2024.06.18.,Mar-24,Solar,HU,"334,292","2,749,443","334,292",1.04,0.10,1.70,0.10,0.10,16,9
2024.06.18.,Dec-23,Wind,HU,"3,937","1,026,334",-,-,0.12,0.43,0.50,0.50,9,0
2024.06.18.,Jan-24,Wind,HU,"7,630","2,417,501",-,-,0.12,1.70,1.20,1.20,13,0
2024.06.18.,Feb-24,Wind,HU,"8,080","2,517,501",-,-,0.12,1.70,1.20,1.20,14,0
2024.06.18.,Mar-24,Wind,HU,"38,407","2,567,501","38,407",1.05,0.12,1.70,0.10,0.10,14,7
2024.07.16.,Oct-23,Biogas,HU,"1,181","492,500","1,181",0.35,0.18,0.35,0.20,0.20,5,2
2024.07.16.,Nov-23,Biogas,HU,991,"492,500",991,0.35,0.18,0.35,0.20,0.20,5,2
2024.07.16.,Dec-23,Biogas,HU,"1,318","492,500","1,318",0.35,0.18,0.35,0.20,0.35,6,3
2024.07.16.,Jan-24,Biogas,HU,"1,260","1,004,407","1,260",0.80,0.26,2.00,0.63,0.63,6,2
2024.07.16.,Feb-24,Biogas,HU,"1,155","1,004,407","1,155",0.80,0.26,2.00,0.63,0.63,6,2
2024.07.16.,Apr-24,Biogas,HU,786,"1,004,407",786,0.78,0.26,2.00,0.10,0.10,6,3
2024.07.16.,Aug-23,Biomass,HU,"24,237","509,982","24,237",0.61,0.25,0.65,0.25,0.25,7,2
2024.07.16.,Sep-23,Biomass,HU,"10,421","483,741","10,421",0.55,0.25,0.65,0.15,0.25,8,4
2024.07.16.,Oct-23,Biomass,HU,"72,920","763,741","6,000",0.65,0.18,0.65,0.30,0.75,9,2
2024.07.16.,Nov-23,Biomass,HU,"71,421","763,741","5,000",0.55,0.18,0.65,0.30,0.80,9,2
2024.07.16.,Dec-23,Biomass,HU,"64,998","657,500","4,750",0.55,0.18,0.65,0.30,1.00,9,2
2024.07.16.,Jan-24,Biomass,HU,"39,244","1,069,407",-,-,0.26,2.00,1.15,1.15,10,0
2024.07.16.,Apr-24,Biomass,HU,"27,217","1,111,907","27,217",0.78,0.26,2.00,0.10,0.10,11,5
2024.07.16.,Apr-24,Geothermal,HU,544,"1,006,907",544,0.78,0.26,2.00,0.10,0.10,7,3
2024.07.16.,Dec-23,Hydro,HU,740,"906,356",740,0.51,0.26,0.65,0.20,0.20,8,2
2024.07.16.,Jan-24,Hydro,HU,"1,130","1,618,076","1,130",0.79,0.26,2.00,0.63,0.63,13,2
2024.07.16.,Feb-24,Hydro,HU,"1,203","1,640,588","1,203",0.79,0.26,2.00,0.63,0.63,13,2
2024.07.16.,Apr-24,Hydro,HU,"16,393","1,689,481","16,393",0.79,0.26,2.00,0.10,0.10,15,7
2024.07.16.,Oct-23,LandfillGas,HU,354,"492,500",354,0.35,0.18,0.35,0.20,0.20,5,2
2024.07.16.,Nov-23,LandfillGas,HU,353,"492,500",353,0.35,0.18,0.35,0.20,0.20,5,2
2024.07.16.,Dec-23,LandfillGas,HU,416,"492,500",416,0.35,0.18,0.35,0.20,0.20,5,2
2024.07.16.,Jan-24,LandfillGas,HU,441,"1,004,407",441,0.80,0.26,2.00,0.63,0.63,6,2
2024.07.16.,Feb-24,LandfillGas,HU,410,"1,004,407",410,0.80,0.26,2.00,0.63,0.63,6,2
2024.07.16.,Aug-23,Solar,HU,"1,709","600,017","1,709",0.71,0.26,0.71,0.12,0.33,9,3
2024.07.16.,Sep-23,Solar,HU,"1,580","583,259","1,580",0.50,0.26,0.65,0.25,0.33,9,3
2024.07.16.,Oct-23,Solar,HU,207,"912,115",207,0.51,0.26,0.65,0.33,0.45,10,3
2024.07.16.,Nov-23,Solar,HU,"2,095","912,115",169,0.51,0.26,0.65,0.45,0.65,11,3
2024.07.16.,Dec-23,Solar,HU,"1,877","912,115",339,0.51,0.26,0.65,0.40,0.65,11,3
2024.07.16.,Jan-24,Solar,HU,"5,244","1,812,376","1,494",0.85,0.26,2.00,0.50,4.75,15,5
2024.07.16.,Feb-24,Solar,HU,"6,876","1,834,888","2,502",0.85,0.26,2.00,0.30,4.75,16,6
2024.07.16.,Mar-24,Solar,HU,"2,038","1,834,888","2,038",0.86,0.26,2.00,0.30,0.30,13,2
2024.07.16.,Apr-24,Solar,HU,"468,329","2,703,388","468,329",0.81,0.26,2.00,0.10,0.30,19,15
2024.07.16.,Dec-23,Wind,HU,"3,937","910,293","3,937",0.51,0.26,0.65,0.20,0.20,9,3
2024.07.16.,Jan-24,Wind,HU,"6,343","1,823,376","6,343",0.80,0.26,2.00,0.63,0.63,13,4
2024.07.16.,Feb-24,Wind,HU,"9,367","1,845,888","9,367",0.79,0.26,2.00,0.63,0.63,13,4
2024.07.16.,Apr-24,Wind,HU,"35,902","1,974,290","35,902",0.80,0.26,2.00,0.10,0.10,17,9
2024.08.21.,Mar-24,Biogas,HU,"1,241","737,378","1,241",0.81,0.23,0.81,0.65,0.65,6,2
2024.08.21.,Apr-24,Biogas,HU,"1,179","737,378","1,179",0.81,0.23,0.81,0.65,0.65,6,2
2024.08.21.,May-24,Biogas,HU,731,"737,378",731,0.81,0.23,0.81,0.11,0.11,6,2
2024.08.21.,Oct-23,Biomass,HU,"72,570","764,437","72,570",0.57,0.23,0.63,0.35,0.45,9,5
2024.08.21.,Nov-23,Biomass,HU,"73,171","726,969","60,111",0.60,0.23,0.65,0.35,0.55,9,5
2024.08.21.,Dec-23,Biomass,HU,"66,848","774,721","6,600",0.53,0.23,0.63,0.35,0.85,9,2
2024.08.21.,Jan-24,Biomass,HU,"39,244","887,378",-,-,0.23,0.81,1.35,1.35,8,0
2024.08.21.,Feb-24,Biomass,HU,"45,397","937,378",-,-,0.23,0.81,2.50,2.50,9,0
2024.08.21.,Mar-24,Biomass,HU,"49,870","937,378",-,-,0.23,0.81,2.50,2.50,9,0
2024.08.21.,Apr-24,Biomass,HU,"46,586","1,047,378",-,-,0.23,0.85,3.00,3.00,10,0
2024.08.21.,May-24,Biomass,HU,"12,126","1,047,378","12,126",0.85,0.23,0.85,0.11,0.11,10,2
2024.08.21.,May-24,Geothermal,HU,354,"897,378",354,0.85,0.23,0.85,0.11,0.11,7,2
2024.08.21.,Jan-24,Hydro,HR,"10,956","1,813,897",-,-,0.23,0.86,0.95,0.95,13,0
2024.08.21.,Feb-24,Hydro,HR,896,"1,813,897",-,-,0.23,0.86,0.95,0.95,13,0
2024.08.21.,Mar-24,Hydro,HU,"1,346","1,812,897","1,346",0.86,0.23,0.86,0.65,0.65,13,2
2024.08.21.,Apr-24,Hydro,HU,"1,179","1,947,897","1,179",0.86,0.23,0.86,0.65,0.65,15,2
2024.08.21.,May-24,Hydro,HU,"23,055","1,974,900","23,055",0.86,0.23,0.86,0.11,0.11,15,2
2024.08.21.,Feb-24,LandfillGas,HU,436,"687,378",436,0.79,0.23,0.79,0.50,0.50,5,2
2024.08.21.,Mar-24,LandfillGas,HU,869,"687,378",869,0.79,0.23,0.79,0.50,0.65,6,3
2024.08.21.,Apr-24,LandfillGas,HU,354,"687,378",354,0.79,0.23,0.79,0.65,0.65,5,2
2024.08.21.,Aug-23,Solar,HU,"1,620","153,976","1,620",0.53,0.26,0.53,0.10,0.35,5,4
2024.08.21.,Sep-23,Solar,HU,"1,638","245,125","1,638",0.53,0.23,0.53,0.10,0.45,7,4
2024.08.21.,Oct-23,Solar,HU,"1,318","568,526",60,0.53,0.23,0.53,0.10,0.63,10,3
2024.08.21.,Nov-23,Solar,HU,"1,962","603,526",36,0.53,0.23,0.53,0.45,1.00,9,2
2024.08.21.,Dec-23,Solar,HU,"2,152","603,526",614,0.53,0.23,0.53,0.45,1.00,9,2
2024.08.21.,Jan-24,Solar,HU,"3,986","1,794,897",240,0.86,0.23,0.86,0.10,1.20,16,4
2024.08.21.,Feb-24,Solar,HU,"5,103","1,794,897",592,0.86,0.23,0.86,0.10,1.20,16,4
2024.08.21.,Mar-24,Solar,HU,"6,820","1,794,897",792,0.86,0.23,0.86,0.50,1.20,14,2
2024.08.21.,Apr-24,Solar,HU,"7,319","1,929,897",134,0.86,0.23,0.86,0.50,1.20,16,2
2024.08.21.,May-24,Solar,HU,"538,179","2,615,152","529,928",0.87,0.23,2.00,0.11,1.20,19,9
2024.08.21.,Mar-24,Wind,HU,"8,450","1,794,897","8,450",0.86,0.23,0.86,0.65,0.65,13,2
2024.08.21.,Apr-24,Wind,HU,"4,083","1,954,897","4,083",0.87,0.23,0.87,0.65,0.65,15,2
2024.08.21.,May-24,Wind,HU,"15,581","1,981,900","15,581",0.87,0.23,0.87,0.11,0.11,15,2
2024.09.17.,Nov-23,Biogas,HU,226,"277,989",226,0.43,0.33,0.43,0.05,0.05,4,2
2024.09.17.,Dec-23,Biogas,HU,207,"277,989",207,0.43,0.33,0.43,0.05,0.05,4,2
2024.09.17.,Jan-24,Biogas,HU,314,"819,990",314,0.54,0.33,0.54,0.05,0.05,7,2
2024.09.17.,Feb-24,Biogas,HU,286,"819,990",286,0.54,0.33,0.54,0.05,0.05,7,2
2024.09.17.,Mar-24,Biogas,HU,842,"869,990",842,0.54,0.33,0.54,0.05,0.05,7,2
2024.09.17.,Apr-24,Biogas,HU,"1,310","869,990","1,310",0.54,0.33,0.54,0.05,0.05,7,2
2024.09.17.,May-24,Biogas,HU,"1,053","869,990","1,053",0.54,0.33,0.54,0.05,0.05,7,2
2024.09.17.,Jun-24,Biogas,HU,573,"1,009,990",573,0.57,0.33,0.57,0.13,0.13,7,2
2024.09.17.,Nov-23,Biomass,HU,"22,910","347,989","20,000",0.46,0.33,0.46,0.30,0.45,8,3
2024.09.17.,Dec-23,Biomass,HU,"60,248","387,989","20,000",0.55,0.33,0.55,0.54,0.65,8,2
2024.09.17.,Jan-24,Biomass,HU,"39,244","994,990",-,-,0.33,0.62,1.10,1.10,9,0
2024.09.17.,Feb-24,Biomass,HU,"45,397","1,194,990",-,-,0.33,0.62,1.60,1.60,10,0
2024.09.17.,Mar-24,Biomass,HU,"53,184","1,264,990","3,314",0.60,0.33,0.62,0.05,1.65,11,2
2024.09.17.,Apr-24,Biomass,HU,"48,397","1,264,990","1,811",0.60,0.33,0.62,0.05,1.80,11,2
2024.09.17.,Jun-24,Biomass,HU,"21,962","1,399,990","21,962",0.59,0.33,0.60,0.13,0.13,10,3
2024.09.17.,Jun-24,Hydro,HU,"21,690","1,778,134","21,690",0.57,0.33,0.60,0.13,0.13,12,4
2024.09.17.,Sep-23,Solar,HU,999,"187,000",999,0.43,0.42,0.43,0.10,0.10,3,2
2024.09.17.,Oct-23,Solar,HU,"1,630","347,989","1,630",0.43,0.17,0.43,0.16,0.40,7,3
2024.09.17.,Nov-23,Solar,HU,"2,604","387,989","2,604",0.57,0.17,0.57,0.35,0.50,8,3
2024.09.17.,Dec-23,Solar,HU,"2,045","427,989","1,709",0.57,0.17,0.57,0.05,8.50,11,4
2024.09.17.,Jan-24,Solar,HU,"5,028","1,629,134","1,282",0.61,0.17,0.61,0.05,0.85,12,5
2024.09.17.,Feb-24,Solar,HU,"6,212","1,829,134","1,701",0.61,0.17,0.61,0.05,0.85,13,5
2024.09.17.,Mar-24,Solar,HU,"8,440","1,879,134","2,412",0.60,0.17,0.61,0.05,1.00,13,5
2024.09.17.,Apr-24,Solar,HU,"10,558","2,044,134","3,373",0.60,0.17,0.61,0.05,1.00,15,5
2024.09.17.,May-24,Solar,HU,"9,674","2,044,134","1,423",0.60,0.17,0.61,0.05,1.00,14,4
2024.09.17.,Jun-24,Solar,HU,"522,057","2,401,134","514,213",0.61,0.17,1.00,0.13,1.00,17,11
2024.09.17.,Jun-24,Wind,HU,"11,056","1,879,190","11,056",0.65,0.33,0.65,0.13,0.13,12,2
2024.10.22.,Mar-24,Biogas,HU,"1,220","1,378,954","1,220",0.39,0.32,0.39,0.05,0.05,7,3
2024.10.22.,Apr-24,Biogas,HU,"1,145","1,378,954","1,145",0.39,0.32,0.39,0.05,0.05,7,3
2024.10.22.,May-24,Biogas,HU,"2,421","1,378,954","2,421",0.39,0.32,0.39,0.05,0.35,8,4
2024.10.22.,Jun-24,Biogas,HU,"3,078","1,378,954","1,930",0.39,0.32,0.39,0.05,0.55,8,3
2024.10.22.,Jul-24,Biogas,HU,"1,086","1,378,954","1,086",0.39,0.32,0.39,0.05,0.17,8,4
2024.10.22.,Jan-24,Biogas,SE,2,"1,378,954",-,-,0.32,0.39,0.47,0.47,7,0
2024.10.22.,Nov-23,Biomass,HU,"2,910","45,002","2,910",0.34,0.34,0.34,0.30,0.30,4,2
2024.10.22.,Dec-23,Biomass,HU,"40,248","45,002","1,766",0.34,0.34,0.34,0.34,0.35,4,2
2024.10.22.,Jan-24,Biomass,HU,"45,451","1,370,002","6,207",0.39,0.32,0.40,0.33,1.05,7,2
2024.10.22.,Feb-24,Biomass,HU,"54,236","1,420,002","8,839",0.39,0.31,0.40,0.33,1.65,8,2
2024.10.22.,Mar-24,Biomass,HU,"59,535","1,420,002","9,665",0.39,0.31,0.40,0.33,1.85,8,2
2024.10.22.,Apr-24,Biomass,HU,"52,931","1,420,002","6,345",0.39,0.31,0.40,0.33,2.50,8,2
2024.10.22.,May-24,Biomass,HU,"42,250","1,420,002","6,000",0.39,0.31,0.40,0.33,2.50,8,2
2024.10.22.,Jun-24,Biomass,HU,"31,741","1,420,002",-,-,0.31,0.40,2.50,2.50,7,0
2024.10.22.,Jul-24,Biomass,HU,"31,231","1,451,233","19,504",0.40,0.31,0.40,0.17,3.00,9,2
2024.10.22.,Jan-24,Biomass,SE,79,"1,370,002",-,-,0.32,0.39,0.47,0.47,6,0
2024.10.22.,Dec-23,Hydro,DE,"15,000","45,002",-,-,0.34,0.34,0.53,0.53,4,0
2024.10.22.,Dec-23,Hydro,FR,"15,000","45,002",-,-,0.34,0.34,0.50,0.50,4,0
2024.10.22.,Jan-24,Hydro,HR,"25,886","1,400,002",-,-,0.32,0.40,0.55,0.55,6,0
2024.10.22.,Feb-24,Hydro,HR,896,"1,450,002",-,-,0.31,0.39,0.55,0.55,7,0
2024.10.22.,Jun-24,Hydro,HU,385,"1,530,002",-,-,0.31,0.39,0.55,0.55,8,0
2024.10.22.,Jul-24,Hydro,HU,"19,430","1,550,952","19,430",0.40,0.31,0.40,0.17,0.17,10,5
2024.10.22.,Apr-24,LandfillGas,HU,385,"1,295,002",-,-,0.32,0.39,0.60,0.60,5,0
2024.10.22.,May-24,LandfillGas,HU,719,"1,295,002",347,0.39,0.32,0.39,0.35,0.60,6,2
2024.10.22.,Oct-23,Solar,HU,"1,444",2,1,1.00,1.00,1.00,0.10,0.43,6,2
2024.10.22.,Nov-23,Solar,HU,883,"47,145",425,0.34,0.27,0.34,0.10,0.53,6,2
2024.10.22.,Dec-23,Solar,HU,"1,260","47,145",353,0.34,0.27,0.34,0.10,0.63,7,2
2024.10.22.,Jan-24,Solar,HU,"5,435","1,504,551","1,127",0.45,0.32,0.45,0.10,0.73,11,5
2024.10.22.,Feb-24,Solar,HU,"7,135","1,554,551","1,634",0.45,0.31,0.45,0.10,0.83,12,5
2024.10.22.,Mar-24,Solar,HU,"8,206","1,554,551",734,0.44,0.31,0.45,0.10,0.93,12,5
2024.10.22.,Apr-24,Solar,HU,"9,283","1,634,551",986,0.45,0.31,0.45,0.10,0.93,13,5
2024.10.22.,May-24,Solar,HU,"10,395","1,634,551",83,0.39,0.31,0.45,0.10,0.65,11,3
2024.10.22.,Jun-24,Solar,HU,"11,469","1,634,551","1,472",0.44,0.31,0.45,0.05,0.65,12,5
2024.10.22.,Jul-24,Solar,HU,"586,283","2,141,075","568,856",0.43,0.31,1.00,0.05,0.65,16,11
2024.10.22.,May-24,Wind,HU,"4,718","1,634,551","4,718",0.39,0.31,0.39,0.35,0.35,10,3
2024.10.22.,Jun-24,Wind,HU,"2,639","1,634,551",-,-,0.31,0.39,0.55,0.55,10,0
2024.10.22.,Jul-24,Wind,HU,"14,319","1,636,071","14,319",0.39,0.31,0.40,0.17,0.17,11,4
2024.11.19.,Dec-23,Hydro,AT,"25,000","128,459",-,-,0.14,0.24,0.38,0.38,4,0
2024.11.19.,Jun-24,Wind,HU,"2,639","1,544,466",-,-,0.11,0.28,0.65,0.65,10,0
2024.11.19.,May-24,Solar,HU,"11,343","1,544,466",-,-,0.11,0.28,0.30,0.40,11,0
2024.11.19.,Dec-23,Biogas,HU,"2,555","128,459","2,555",0.24,0.14,0.24,0.05,0.05,4,2
2024.11.19.,Aug-24,Biomass,HU,"18,087","1,124,753","18,087",0.28,0.11,0.28,0.16,0.16,7,2
2024.11.19.,Jun-24,Hydro,HU,385,"1,555,666",-,-,0.11,0.28,0.65,0.65,10,0
2024.11.19.,Jul-24,Biomass,HU,"11,727","1,106,666",-,-,0.11,0.28,1.15,2.50,7,0
2024.11.19.,Apr-24,Solar,HU,"4,264","1,498,730",562,0.28,0.11,0.28,0.05,0.42,12,3
2024.11.19.,Dec-23,Solar,HU,907,"129,366",907,0.24,0.14,0.24,0.14,0.24,6,3
2024.11.19.,Mar-24,Biogas,HU,356,"987,022",356,0.28,0.11,0.28,0.05,0.05,5,2
2024.11.19.,Nov-23,Solar,HU,814,"63,448",814,0.24,0.14,0.24,0.24,0.24,5,3
2024.11.19.,Dec-23,Hydro,DE,"40,000","128,459",-,-,0.14,0.24,0.34,0.34,5,0
2024.11.19.,Apr-24,Biomass,HU,"54,912","1,106,666",-,-,0.11,0.28,0.33,1.65,8,0
2024.11.19.,Aug-24,Hydro,HU,"11,456","1,575,922","11,456",0.28,0.11,0.28,0.16,0.16,10,3
2024.11.19.,Mar-24,Solar,HU,"2,240","1,411,706",373,0.28,0.11,0.28,0.05,0.42,10,2
2024.11.19.,Mar-24,Biomass,HU,"59,442","1,106,666",-,-,0.11,0.28,0.33,1.65,8,0
2024.11.19.,Aug-24,Biogas,HU,735,"987,401",735,0.28,0.11,0.28,0.16,0.16,5,2
2024.11.19.,Jun-24,Biogas,HU,"1,148","986,666",-,-,0.11,0.28,0.65,0.65,5,0
2024.11.19.,Aug-24,Solar,HU,"524,684","2,314,466","524,684",0.28,0.11,0.75,0.16,0.16,11,5
2024.11.19.,May-24,Wind,PT,"70,000","1,296,666",-,-,0.11,0.28,0.34,0.34,9,0
2024.11.19.,Jun-24,Solar,HU,"10,969","1,544,466",-,-,0.11,0.28,0.30,0.40,11,0
2024.11.19.,Nov-23,Biogas,HU,"2,641","63,448","2,641",0.24,0.14,0.24,0.05,0.05,4,2
2024.11.19.,Jan-24,Solar,HU,"1,082","894,466",-,-,0.11,0.28,0.30,0.42,6,0
2024.11.19.,Jun-24,Biomass,HU,"31,741","1,106,666",-,-,0.11,0.28,1.15,2.50,7,0
2024.11.19.,Mar-24,Solar,GR,"15,000","1,115,001",-,-,0.23,0.28,0.35,0.35,5,0
2024.11.19.,Aug-24,Wind,HU,"9,487","1,573,953","9,487",0.28,0.11,0.28,0.16,0.16,10,3
2024.11.19.,May-24,Biomass,HU,"47,762","1,106,666",-,-,0.11,0.28,0.33,1.65,8,0
2024.11.19.,Jan-24,Biomass,HU,"45,268","911,666","39,244",0.28,0.11,0.28,0.27,0.33,7,2
2024.11.19.,Jan-24,Biogas,HU,352,"892,018",352,0.28,0.11,0.28,0.05,0.05,5,2
2024.11.19.,Jul-24,Solar,HU,"18,586","1,564,466","5,175",0.28,0.11,0.28,0.23,0.40,12,3
2024.11.19.,Feb-24,Hydro,AT,"10,310","1,252,866",-,-,0.11,0.28,0.46,0.46,7,0
2024.11.19.,Feb-24,Biomass,HU,"51,835","1,006,666",-,-,0.11,0.28,0.33,0.45,7,0
2024.11.19.,Feb-24,Biogas,HU,293,"986,959",293,0.28,0.11,0.28,0.05,0.05,5,2
2024.11.19.,Jan-24,Hydro,AT,"14,690","902,866",-,-,0.11,0.28,0.46,0.46,5,0
2024.11.19.,Feb-24,Solar,HU,"1,312","1,244,466",-,-,0.11,0.28,0.30,0.42,8,0
